,,,10,0.9,0.005,0.5,250
-67.64,-112,75,,,,,
41.665,-101,86,,,,,
50.665,-100,96,,,,,
53.47,-101,107,,,,,
53.075,-101,118,,,,,
78.87,-119,128,,,,,
81.53,-132,139,,,,,
66.275,-129,150,,,,,
24.66,-97,160,,,,,
41.3,-88,170,,,,,
34.385,-77,181,,,,,
44.67,-77,191,,,,,
60.51,-88,201,,,,,
100.225,-123,212,,,,,
72.15,-125,222,,,,,
68.165,-123,232,,,,,
22.81,-89,243,,,,,
53.855,-89,253,,,,,
52.895,-88,264,,,,,
55.64,-89,274,,,,,
52.375,-87,285,,,,,
64.445,-94,295,,,,,
48.78,-87,306,,,,,
47.085,-81,316,,,,,
52.89,-81,326,,,,,
51.89,-80,337,,,,,
43.355,-73,347,,,,,
51.425,-74,358,,,,,
60.73,-81,368,,,,,
60.455,-85,378,,,,,
61.495,-88,389,,,,,
97.17,-115,400,,,,,
90.305,-127,411,,,,,
64.685,-116,421,,,,,
58.305,-104,432,,,,,
69.625,-104,442,,,,,
70.145,-104,453,,,,,
70.665,-104,464,,,,,
90.855,-118,475,,,,,
81.655,-120,486,,,,,
94.505,-130,496,,,,,
67.89,-117,507,,,,,
67.53,-108,517,,,,,
76.17,-108,528,,,,,
76.71,-108,539,,,,,
78.655,-109,549,,,,,
119.045,-138,560,,,,,
93.635,-138,571,,,,,
77.465,-126,581,,,,,
65.01,-109,591,,,,,
79.45,-108,602,,,,,
76.675,-105,612,,,,,
84.115,-108,623,,,,,
112.865,-130,634,,,,,
95.12,-131,644,,,,,
93.47,-130,655,,,,,
75.35,-116,665,,,,,
68.86,-102,675,,,,,
80.565,-101,685,,,,,
81.97,-101,696,,,,,
65.615,-89,706,,,,,
76.86,-89,717,,,,,
77.305,-89,727,,,,,
77.75,-89,738,,,,,
78.195,-89,749,,,,,
88.475,-96,760,,,,,
82.655,-96,770,,,,,
84.54,-97,781,,,,,
137.515,-135,791,,,,,
120.85,-147,802,,,,,
110.785,-147,812,,,,,
93.255,-134,824,,,,,
74.715,-112,835,,,,,
93.67,-111,845,,,,,
92.315,-109,855,,,,,
51.105,-78,866,,,,,
77.99,-77,876,,,,,
59.605,-63,886,,,,,
78.14,-67,897,,,,,
128.265,-105,907,,,,,
111.45,-117,918,,,,,
99.83,-116,928,,,,,
85.855,-105,938,,,,,
63.965,-82,949,,,,,
83.67,-81,959,,,,,
86.38,-82,970,,,,,
85.89,-82,980,,,,,
212.75,-172,990,,,,,
132.61,-172,1001,,,,,
133.47,-172,1011,,,,,
27.55,-96,1021,,,,,
95.025,-95,1032,,,,,
96.4,-95,1042,,,,,
98.28,-96,1053,,,,,
124.555,-115,1064,,,,,
122.9,-126,1074,,,,,
97.6,-115,1085,,,,,
104.7,-113,1095,,,,,
75.7,-91,1106,,,,,
95.5,-91,1117,,,,,
95.5,-91,1127,,,,,
95.5,-91,1138,,,,,
96.9,-92,1148,,,,,
107.2,-100,1159,,,,,
100,-100,1169,,,,,
116.8,-112,1180,,,,,
122.8,-124,1191,,,,,
112,-124,1202,,,,,
112,-124,1213,,,,,
140,-144,1223,,,,,
133.2,-152,1233,,,,,
110.6,-141,1244,,,,,
63.1,-100,1255,,,,,
100,-100,1265,,,,,
100,-100,1276,,,,,
100,-100,1286,,,,,
132.2,-123,1296,,,,,
124.1,-132,1307,,,,,
121.6,-136,1317,,,,,
102.6,-125,1328,,,,,
78.9,-101,1338,,,,,
90.7,-94,1349,,,,,
91.4,-90,1359,,,,,
92.2,-88,1369,,,,,
95.4,-89,1379,,,,,
93.1,-88,1390,,,,,
95.4,-89,1400,,,,,
137.9,-120,1411,,,,,
128.2,-133,1421,,,,,
120.7,-136,1432,,,,,
108.2,-129,1442,,,,,
87.9,-110,1452,,,,,
103.6,-109,1463,,,,,
103.1,-108,1473,,,,,
95.6,-102,1484,,,,,
101,-102,1494,,,,,
99.6,-101,1505,,,,,
101.9,-102,1516,,,,,
101,-102,1526,,,,,
131.8,-124,1536,,,,,
128.8,-136,1546,,,,,
101.2,-124,1557,,,,,
68.6,-93,1567,,,,,
78.3,-80,1577,,,,,
87.2,-78,1588,,,,,
90.4,-79,1598,,,,,
110.5,-94,1608,,,,,
112.4,-105,1619,,,,,
103.9,-106,1629,,,,,
104.4,-107,1640,,,,,
141.3,-134,1650,,,,,
117,-134,1660,,,,,
114.2,-132,1671,,,,,
99.2,-120,1681,,,,,
98.8,-112,1692,,,,,
106,-112,1703,,,,,
106,-112,1713,,,,,
132.6,-131,1724,,,,,
132.3,-143,1735,,,,,
121.5,-143,1745,,,,,
110.3,-135,1756,,,,,
111.9,-131,1766,,,,,
104.3,-123,1777,,,,,
107.3,-120,1787,,,,,
110,-120,1797,,,,,
110,-120,1808,,,,,
110,-120,1818,,,,,
110,-120,1829,,,,,
129.6,-134,1840,,,,,
135.2,-147,1851,,,,,
123.5,-147,1861,,,,,
105.3,-134,1872,,,,,
69.4,-100,1883,,,,,
100,-100,1893,,,,,
100,-100,1904,,,,,
100,-100,1914,,,,,
123.8,-117,1925,,,,,
128.1,-131,1935,,,,,
97.3,-118,1946,,,,,
75.4,-94,1956,,,,,
95.6,-93,1966,,,,,
96.5,-93,1977,,,,,
96.5,-93,1987,,,,,
118.9,-109,1998,,,,,
119.9,-120,2008,,,,,
111.4,-121,2018,,,,,
93.7,-109,2028,,,,,
82.1,-93,2039,,,,,
96.5,-93,2049,,,,,
96.5,-93,2060,,,,,
97.9,-94,2071,,,,,
176.8,-151,2081,,,,,
140.9,-162,2092,,,,,
115.6,-151,2102,,,,,
62.5,-106,2113,,,,,
101.6,-105,2123,,,,,
102.5,-105,2134,,,,,
103.9,-106,2144,,,,,
145,-136,2155,,,,,
123.6,-140,2165,,,,,
120,-140,2176,,,,,
118.6,-139,2187,,,,,
87.3,-116,2198,,,,,
106.6,-115,2208,,,,,
108.9,-116,2218,,,,,
137.4,-137,2229,,,,,
124.1,-141,2239,,,,,
134.5,-151,2250,,,,,
110.1,-140,2260,,,,,
86.4,-116,2270,,,,,
92.6,-105,2281,,,,,
101.1,-104,2291,,,,,
116,-114,2301,,,,,
107,-114,2311,,,,,
109.8,-116,2322,,,,,
105.2,-114,2332,,,,,
107,-114,2343,,,,,
101.4,-110,2353,,,,,
103.6,-109,2363,,,,,
91.9,-100,2373,,,,,
100,-100,2384,,,,,
97.2,-98,2394,,,,,
90.6,-92,2405,,,,,
107.2,-100,2416,,,,,
119.6,-114,2426,,,,,
112.6,-118,2437,,,,,
104.8,-115,2448,,,,,
107.5,-115,2458,,,,,
97.7,-108,2468,,,,,
102.6,-107,2479,,,,,
104.9,-108,2490,,,,,
144.6,-137,2501,,,,,
122.7,-140,2511,,,,,
136.8,-152,2521,,,,,
107.8,-139,2532,,,,,
78.9,-110,2543,,,,,
105,-110,2554,,,,,
105,-110,2565,,,,,
105,-110,2575,,,,,
112,-115,2586,,,,,
121.5,-125,2596,,,,,
98.5,-115,2606,,,,,
87.9,-101,2617,,,,,
99.1,-100,2627,,,,,
98.6,-99,2638,,,,,
100.9,-100,2649,,,,,
102.8,-102,2660,,,,,
102.4,-103,2670,,,,,
104.3,-105,2680,,,,,
96.9,-101,2690,,,,,
66.9,-77,2701,,,,,
73.1,-66,2711,,,,,
83,-66,2721,,,,,
83,-66,2732,,,,,
120.8,-93,2742,,,,,
99.3,-95,2753,,,,,
94.7,-93,2763,,,,,
57.3,-65,2774,,,,,
82.5,-65,2784,,,,,
82.5,-65,2795,,,,,
82.5,-65,2805,,,,,
82.5,-65,2816,,,,,
79.7,-63,2826,,,,,
73.1,-57,2836,,,,,
86.9,-63,2847,,,,,
84.3,-65,2857,,,,,
97.9,-76,2867,,,,,
89.4,-77,2877,,,,,
71.7,-65,2887,,,,,
68.5,-55,2898,,,,,
77.5,-55,2909,,,,,
77.5,-55,2920,,,,,
81.7,-58,2930,,,,,
87.4,-64,2940,,,,,
82,-64,2951,,,,,
65.2,-52,2961,,,,,
66.2,-45,2972,,,,,
71.1,-44,2982,,,,,
60.8,-36,2993,,,,,
69.4,-37,3003,,,,,
67.1,-36,3013,,,,,
62.4,-32,3024,,,,,
56.2,-25,3035,,,,,
59.7,-23,3045,,,,,
54.5,-18,3056,,,,,
59,-18,3066,,,,,
53.4,-14,3077,,,,,
57,-14,3087,,,,,
57,-14,3098,,,,,
54.2,-12,3109,,,,,
42,-2,3119,,,,,
48.2,0,3129,,,,,
50,0,3140,,,,,
45.785,3,3151,,,,,
35.825,12,3161,,,,,
34.03,19,3171,,,,,
40.235,19,3182,,,,,
37.33,21,3193,,,,,
30.595,27,3203,,,,,
34.455,28,3214,,,,,
32.405,30,3224,,,,,
20.005,40,3235,,,,,
17.565,48,3245,,,,,
23.12,49,3255,,,,,
5.51,62,3266,,,,,
9.875,67,3276,,,,,
11.23,69,3286,,,,,
-2.77001,80,3296,,,,,
6.72999,80,3307,,,,,
6.32999,80,3317,,,,,
3.11999,82,3328,,,,,
4.50999,82,3338,,,,,
4.09999,82,3349,,,,,
-27.22,104,3359,,,,,
-7.94001,104,3370,,,,,
-9.86501,105,3380,,,,,
-23.54,115,3390,,,,,
-23.545,121,3401,,,,,
-20.155,122,3411,,,,,
-32.51,131,3421,,,,,
-29.28,134,3432,,,,,
-35.68,140,3442,,,,,
-35.195,143,3452,,,,,
-45.855,152,3463,,,,,
-38.515,152,3473,,,,,
-39.275,152,3484,,,,,
-40.035,152,3494,,,,,
-54.845,162,3505,,,,,
-46.655,162,3522,,,,,
-51.68,165,3533,,,,,
-52.615,167,3543,,,,,
-51.65,167,3554,,,,,
-52.485,167,3564,,,,,
-53.32,167,3575,,,,,
-59.775,171,3586,,,,,
-57.03,171,3596,,,,,
-57.885,171,3607,,,,,
-57.335,170,3618,,,,,
-59.085,170,3629,,,,,
-59.935,170,3639,,,,,
-70.62,177,3650,,,,,
-51.155,167,3660,,,,,
-72.23,175,3670,,,,,
-54.665,167,3681,,,,,
-58.485,164,3691,,,,,
-62.005,164,3702,,,,,
-61.42,163,3712,,,,,
-63.135,163,3722,,,,,
-69.57,167,3733,,,,,
-66.805,167,3743,,,,,
-53.59,157,3753,,,,,
-63.375,157,3764,,,,,
-64.16,157,3774,,,,,
-63.54,156,3785,,,,,
-70.84,160,3795,,,,,
-65.23,158,3806,,,,,
-55.175,149,3816,,,,,
-64.02,149,3826,,,,,
-63.36,148,3837,,,,,
-62.19,146,3847,,,,,
-64.72,146,3858,,,,,
-64.045,145,3868,,,,,
-61.455,142,3878,,,,,
-64.865,142,3889,,,,,
-71.195,146,3900,,,,,
-58.49,139,3910,,,,,
-76.725,147,3921,,,,,
-230.43,261,3931,,,,,
45.085,137,3942,,,,,
-67.2,137,3952,,,,,
-67.885,137,3963,,,,,
-68.57,137,3974,,,,,
-69.255,137,3984,,,,,
-71.345,138,3995,,,,,
-69.73,137,4005,,,,,
-61.48,130,4015,,,,,
-68.43,130,4026,,,,,
-64.865,127,4036,,,,,
-66.795,126,4047,,,,,
-66.92,125,4058,,,,,
-68.445,125,4068,,,,,
-64.855,122,4079,,,,,
-58.33,115,4089,,,,,
-63.8,114,4100,,,,,
-56.84,108,4110,,,,,
-61.375,107,4121,,,,,
-62.81,107,4131,,,,,
-75.99,116,4141,,,,,
-68.47,116,4152,,,,,
-69.05,116,4162,,,,,
-69.63,116,4172,,,,,
-49.135,101,4183,,,,,
-61.735,100,4194,,,,,
-63.135,100,4204,,,,,
-63.635,100,4215,,,,,
-61.325,98,4225,,,,,
-53.78,91,4236,,,,,
-60.535,91,4247,,,,,
-66.61,95,4258,,,,,
-63.485,95,4268,,,,,
-63.96,95,4278,,,,,
-47.575,83,4289,,,,,
-58.79,83,4299,,,,,
-53.585,79,4310,,,,,
-57.58,79,4321,,,,,
-57.975,79,4332,,,,,
-54.155,76,4342,,,,,
-55.83,75,4353,,,,,
-57.105,75,4364,,,,,
-57.48,75,4374,,,,,
-59.26,76,4385,,,,,
-57.335,75,4396,,,,,
-58.61,75,4406,,,,,
-58.985,75,4417,,,,,
-55.145,72,4428,,,,,
-58.205,72,4438,,,,,
-58.565,72,4449,,,,,
-49.09,65,4460,,,,,
-55.715,65,4470,,,,,
-56.04,65,4481,,,,,
-59.175,67,4492,,,,,
-59.115,68,4502,,,,,
-57.15,67,4512,,,,,
-58.385,67,4523,,,,,
-58.72,67,4533,,,,,
-59.055,67,4544,,,,,
-60.795,68,4555,,,,,
-54.615,64,4565,,,,,
-58.535,64,4575,,,,,
-58.855,64,4586,,,,,
-59.175,64,4597,,,,,
-59.495,64,4608,,,,,
-55.6,61,4619,,,,,
-58.605,61,4629,,,,,
-58.91,61,4640,,,,,
-59.215,61,4650,,,,,
-59.52,61,4660,,,,,
-58.42,60,4671,,,,,
-59.62,60,4681,,,,,
-59.92,60,4692,,,,,
-56.005,57,4702,,,,,
-74.445,68,4712,,,,,
-64.885,68,4723,,,,,
-66.63,69,4733,,,,,
-67.48,70,4743,,,,,
-66.93,70,4753,,,,,
-58.85,64,4763,,,,,
-54.735,57,4774,,,,,
-57.105,54,4784,,,,,
-60.075,54,4795,,,,,
-58.94,53,4806,,,,,
-60.105,53,4817,,,,,
-60.37,53,4827,,,,,
-60.635,53,4838,,,,,
-58.09,51,4849,,,,,
-60.145,51,4860,,,,,
138.045,58,4883,,,,,
-67.05,59,4893,,,,,
-66.445,59,4903,,,,,
-66.74,59,4914,,,,,
-69.845,61,4924,,,,,
-54.3,51,4935,,,,,
-63.555,51,4946,,,,,
-63.81,51,4957,,,,,
-64.065,51,4967,,,,,
-64.32,51,4978,,,,,
-64.575,51,4989,,,,,
-64.83,51,5000,,,,,
-66.49,52,5010,,,,,
-64.445,51,5021,,,,,
-67.005,52,5032,,,,,
-64.96,51,5043,,,,,
-60.495,47,5053,,,,,
-68.545,50,5064,,,,,
-66.095,50,5074,,,,,
-66.345,50,5085,,,,,
-66.595,50,5095,,,,,
-66.845,50,5105,,,,,
-67.095,50,5116,,,,,
-64.535,48,5126,,,,,
-66.575,48,5138,,,,,
-68.22,49,5149,,,,,
-67.565,49,5159,,,,,
-67.81,49,5169,,,,,
-83.51,60,5180,,,,,
-58.455,49,5190,,,,,
-68.6,49,5201,,,,,
-68.845,49,5212,,,,,
-67.685,48,5222,,,,,
-68.825,48,5233,,,,,
-63.445,44,5244,,,,,
-68.67,45,5254,,,,,
-72.21,48,5265,,,,,
-69.75,48,5275,,,,,
-78.42,54,5285,,,,,
-80.315,59,5295,,,,,
-71.895,56,5306,,,,,
-73.47,55,5316,,,,,
-74.645,55,5326,,,,,
-60.87,45,5337,,,,,
-85.55,56,5347,,,,,
-78.74,58,5357,,,,,
-77.23,58,5368,,,,,
-74.71,56,5378,,,,,
-65.55,48,5388,,,,,
-72.99,48,5399,,,,,
-73.23,48,5409,,,,,
-73.47,48,5420,,,,,
-89.165,59,5430,,,,,
-79.5,59,5441,,,,,
-79.5,59,5451,,,,,
-64.1,48,5462,,,,,
-75.4,49,5472,,,,,
-73.1,48,5482,,,,,
-86.6,57,5493,,,,,
-78.5,57,5503,,,,,
-63.1,46,5513,,,,,
-80,51,5524,,,,,
-68.5,46,5535,,,,,
-73,46,5545,,,,,
-68.8,43,5556,,,,,
-71.5,43,5566,,,,,
-71.5,43,5577,,,,,
-71.5,43,5588,,,,,
-71.5,43,5598,,,,,
-71.5,43,5609,,,,,
-71.5,43,5620,,,,,
-65.9,39,5630,,,,,
-68.1,38,5641,,,,,
-69,38,5652,,,,,
-69,38,5662,,,,,
-70.4,39,5672,,,,,
-69.5,39,5683,,,,,
-69.5,39,5693,,,,,
-84.9,50,5704,,,,,
-73.6,49,5714,,,,,
-67.5,44,5725,,,,,
-72,44,5735,,,,,
-63.6,38,5747,,,,,
-59.2,31,5757,,,,,
-69.7,34,5768,,,,,
-68.4,35,5779,,,,,
-70.3,37,5789,,,,,
-71.3,39,5800,,,,,
-69.5,39,5810,,,,,
-80.7,47,5820,,,,,
-70.7,45,5830,,,,,
-72.5,45,5841,,,,,
-58.5,35,5851,,,,,
-64.7,33,5862,,,,,
-65.1,32,5872,,,,,
-67.4,33,5882,,,,,
-67.9,34,5893,,,,,
-67,34,5903,,,,,
-65.6,33,5914,,,,,
-67.9,34,5925,,,,,
-67,34,5935,,,,,
-67,34,5946,,,,,
-67,34,5956,,,,,
-65.6,33,5966,,,,,
-66.5,33,5977,,,,,
-56.7,26,5987,,,,,
-63,26,5998,,,,,
-63,26,6009,,,,,
-64.4,27,6020,,,,,
-62.1,26,6030,,,,,
-63,26,6041,,,,,
-63,26,6051,,,,,
-63,26,6062,,,,,
-63,26,6072,,,,,
-64.4,27,6083,,,,,
-62.1,26,6093,,,,,
-63,26,6104,,,,,
-61.6,25,6114,,,,,
-62.5,25,6125,,,,,
-62.5,25,6135,,,,,
-61.1,24,6146,,,,,
-62,24,6156,,,,,
-62,24,6167,,,,,
-62,24,6177,,,,,
-62,24,6188,,,,,
-62,24,6199,,,,,
-62,24,6210,,,,,
-62,24,6220,,,,,
-62,24,6231,,,,,
-62,24,6241,,,,,
-62,24,6252,,,,,
-62,24,6262,,,,,
-62,24,6273,,,,,
-62,24,6283,,,,,
-62,24,6294,,,,,
-62,24,6304,,,,,
-63.4,25,6315,,,,,
-62.5,25,6325,,,,,
-62.5,25,6336,,,,,
-62.5,25,6346,,,,,
-61.1,24,6357,,,,,
-62,24,6368,,,,,
-62,24,6378,,,,,
-62,24,6389,,,,,
-62,24,6400,,,,,
-62,24,6411,,,,,
-63.4,25,6421,,,,,
-62.5,25,6431,,,,,
-63.9,26,6442,,,,,
-67.2,29,6452,,,,,
-64.5,29,6462,,,,,
-60.3,26,6473,,,,,
-63,26,6483,,,,,
-57.4,22,6494,,,,,
-61,22,6504,,,,,
-66.6,26,6515,,,,,
-64.4,27,6525,,,,,
-63.5,27,6536,,,,,
-63.5,27,6546,,,,,
-63.5,27,6556,,,,,
-63.5,27,6567,,,,,
-73.3,34,6577,,,,,
-68.4,35,6587,,,,,
-68.9,36,6598,,,,,
-70.8,38,6608,,,,,
-69,38,6618,,,,,
-69,38,6628,,,,,
-69,38,6639,,,,,
-70.4,39,6649,,,,,
-69.5,39,6659,,,,,
-66.7,37,6670,,,,,
-54.5,27,6680,,,,,
-62.1,26,6690,,,,,
-63,26,6701,,,,,
-63,26,6712,,,,,
-63,26,6722,,,,,
-63,26,6733,,,,,
-63,26,6743,,,,,
-63,26,6754,,,,,
-61.6,25,6765,,,,,
-59.7,23,6775,,,,,
-61.5,23,6786,,,,,
-61.5,23,6796,,,,,
-61.5,23,6807,,,,,
-61.5,23,6818,,,,,
-61.5,23,6829,,,,,
-61.5,23,6839,,,,,
-61.5,23,6850,,,,,
-61.5,23,6861,,,,,
-61.5,23,6871,,,,,
-55.9,19,6882,,,,,
-59.5,19,6893,,,,,
-65.1,23,6903,,,,,
-71.3,30,6914,,,,,
-55.2,23,6925,,,,,
-61.5,23,6936,,,,,
-62.9,24,6946,,,,,
-60.6,23,6957,,,,,
-76.9,34,6967,,,,,
-51.6,23,6978,,,,,
-61.5,23,6989,,,,,
-72.7,31,6999,,,,,
-66.9,32,7010,,,,,
-67.4,33,7020,,,,,
-66.5,33,7030,,,,,
-53.9,24,7041,,,,,
-62,24,7051,,,,,
-63.4,25,7061,,,,,
-63.9,26,7072,,,,,
-63,26,7082,,,,,
-63,26,7093,,,,,
-63,26,7104,,,,,
-63,26,7114,,,,,
-63,26,7125,,,,,
-63,26,7135,,,,,
-78.4,37,7146,,,,,
-68.5,37,7156,,,,,
-68.5,37,7168,,,,,
-67.1,36,7179,,,,,
-65.2,34,7190,,,,,
-67,34,7200,,,,,
-67,34,7211,,,,,
-69.8,36,7221,,,,,
-68,36,7231,,,,,
-70.8,38,7242,,,,,
-57.8,30,7252,,,,,
-59.4,26,7263,,,,,
-63,26,7273,,,,,
-63,26,7284,,,,,
-65.8,28,7294,,,,,
-68.2,31,7305,,,,,
-61.3,28,7315,,,,,
-71,33,7325,,,,,
-56.7,26,7335,,,,,
-63,26,7346,,,,,
-63,26,7357,,,,,
-63,26,7368,,,,,
-63,26,7378,,,,,
-63,26,7389,,,,,
-63,26,7399,,,,,
-61.6,25,7409,,,,,
-59.7,23,7420,,,,,
-61.5,23,7431,,,,,
-61.5,23,7441,,,,,
-62.9,24,7452,,,,,
-62,24,7463,,,,,
-60.6,23,7473,,,,,
-61.5,23,7484,,,,,
-61.5,23,7494,,,,,
-61.5,23,7505,,,,,
-61.5,23,7515,,,,,
-61.5,23,7526,,,,,
-61.5,23,7536,,,,,
-61.5,23,7547,,,,,
-74.1,32,7557,,,,,
-53.4,23,7568,,,,,
-78.3,35,7578,,,,,
-67.5,35,7589,,,,,
-63.3,32,7600,,,,,
-68.8,34,7610,,,,,
-67,34,7622,,,,,
-68.4,35,7633,,,,,
-67.5,35,7643,,,,,
-52.1,24,7653,,,,,
-60.6,23,7664,,,,,
-62.9,24,7675,,,,,
-60.6,23,7686,,,,,
-61.5,23,7696,,,,,
-60.1,22,7706,,,,,
-61,22,7717,,,,,
-61,22,7727,,,,,
-61,22,7738,,,,,
-61,22,7748,,,,,
-61,22,7759,,,,,
-61,22,7769,,,,,
-62.4,23,7780,,,,,
-60.1,22,7790,,,,,
-62.4,23,7801,,,,,
-60.1,22,7811,,,,,
-61,22,7822,,,,,
-75,32,7832,,,,,
-52,22,7843,,,,,
-62.4,23,7853,,,,,
-60.1,22,7864,,,,,
-61,22,7874,,,,,
-62.4,23,7885,,,,,
-60.1,22,7895,,,,,
-61,22,7905,,,,,
-61,22,7916,,,,,
-61,22,7926,,,,,
-61,22,7937,,,,,
-65.2,25,7947,,,,,
-63.9,26,7957,,,,,
-63,26,7968,,,,,
-64.4,27,7978,,,,,
-62.1,26,7988,,,,,
-57.4,22,7999,,,,,
-61,22,8009,,,,,
-61,22,8020,,,,,
-65.2,25,8031,,,,,
-73.7,33,8042,,,,,
-69.3,35,8052,,,,,
-53.5,25,8062,,,,,
-61.1,24,8073,,,,,
-60.6,23,8084,,,,,
-51.7,16,8094,,,,,
-63.6,20,8105,,,,,
-60,20,8116,,,,,
-69.8,27,8126,,,,,
-53.7,20,8137,,,,,
-60,20,8147,,,,,
-58.6,19,8158,,,,,
-59.5,19,8168,,,,,
-55.3,16,8178,,,,,
-63.6,20,8189,,,,,
-60,20,8199,,,,,
-60,20,8210,,,,,
-58.6,19,8221,,,,,
-59.5,19,8231,,,,,
-59.5,19,8242,,,,,
-59.5,19,8253,,,,,
-65.1,23,8263,,,,,
-61.5,23,8273,,,,,
-61.5,23,8284,,,,,
-61.5,23,8295,,,,,
-61.5,23,8306,,,,,
-61.5,23,8316,,,,,
-55.9,19,8327,,,,,
-65.1,23,8338,,,,,
-64.3,25,8348,,,,,
-63.9,26,8359,,,,,
-61.6,25,8369,,,,,
-62.5,25,8379,,,,,
-62.5,25,8390,,,,,
189.7,21,8411,,,,,
-60.5,21,8422,,,,,
-56.3,18,8433,,,,,
-59,18,8443,,,,,
-61.8,20,8454,,,,,
-62.8,22,8466,,,,,
-61,22,8477,,,,,
-61,22,8488,,,,,
-59.6,21,8499,,,,,
-60.5,21,8509,,,,,
-50.7,14,8520,,,,,
-57,14,8530,,,,,
-68.2,22,8541,,,,,
-61,22,8561,,,,,
-61,22,8571,,,,,
-61,22,8581,,,,,
-61,22,8592,,,,,
-77.8,34,8602,,,,,
-65.6,33,8612,,,,,
-66.5,33,8623,,,,,
-51.1,22,8633,,,,,
-61,22,8644,,,,,
-61,22,8654,,,,,
-59.6,21,8665,,,,,
-57.7,19,8675,,,,,
-62.3,21,8685,,,,,
-73.1,30,8696,,,,,
-70.6,34,8706,,,,,
-61.4,30,8716,,,,,
-52.4,21,8727,,,,,
-59.1,20,8738,,,,,
-55.8,17,8748,,,,,
-58.5,17,8759,,,,,
-58.5,17,8769,,,,,
-58.5,17,8780,,,,,
-58.5,17,8791,,,,,
-58.5,17,8801,,,,,
-58.5,17,8812,,,,,
-58.5,17,8823,,,,,
-58.5,17,8834,,,,,
-58.5,17,8845,,,,,
-58.5,17,8855,,,,,
-58.5,17,8866,,,,,
-58.5,17,8877,,,,,
-58.5,17,8888,,,,,
-58.5,17,8899,,,,,
-59.9,18,8910,,,,,
-57.6,17,8920,,,,,
-58.5,17,8931,,,,,
-58.5,17,8942,,,,,
-55.7,15,8952,,,,,
-65.9,21,8963,,,,,
-60.5,21,8974,,,,,
-60.5,21,9008,,,,,
-60.5,21,9021,,,,,
-60.5,21,9031,,,,,
-60.5,21,9186,,,,,
-60.5,21,9196,,,,,
-57.7,19,9207,,,,,
-59.5,19,9217,,,,,
-59.5,19,9228,,,,,
-63.7,22,9238,,,,,
-61,22,9249,,,,,
-61,22,9259,,,,,
-61,22,9270,,,,,
-62.4,23,9281,,,,,
-69.9,29,9291,,,,,
-58.9,25,9301,,,,,
-58.3,22,9311,,,,,
-61,22,9322,,,,,
-58.2,20,9332,,,,,
-74,30,9343,,,,,
-65,30,9353,,,,,
-65,30,9364,,,,,
-65,30,9374,,,,,
-52.4,21,9385,,,,,
-60.5,21,9395,,,,,
-54.9,17,9406,,,,,
-57.1,16,9416,,,,,
-58,16,9427,,,,,
-58,16,9438,,,,,
-58,16,9448,,,,,
-58,16,9459,,,,,
-58,16,9469,,,,,
-63.6,20,9480,,,,,
-60,20,9490,,,,,
-60,20,9501,,,,,
-60,20,9512,,,,,
-60,20,9522,,,,,
-48.8,12,9533,,,,,
-56,12,9543,,,,,
-65.8,19,9554,,,,,
-60.9,20,9564,,,,,
-60,20,9574,,,,,
-58.6,19,9585,,,,,
-59.5,19,9596,,,,,
-55.3,16,9606,,,,,
-58,16,9617,,,,,
-58,16,9627,,,,,
-62.2,19,9637,,,,,
-67.9,25,9648,,,,,
-56.9,21,9658,,,,,
-61.9,22,9668,,,,,
-75,32,9678,,,,,
-52,22,9689,,,,,
-61,22,9699,,,,,
-59.6,21,9710,,,,,
-56.3,18,9720,,,,,
-59,18,9731,,,,,
-59,18,9742,,,,,
-59,18,9752,,,,,
-59,18,9762,,,,,
-59,18,9773,,,,,
-59,18,9783,,,,,
-59,18,9794,,,,,
-59,18,9804,,,,,
-59,18,9815,,,,,
-59,18,9825,,,,,
-74.4,29,9836,,,,,
-64.5,29,9846,,,,,
-60.3,26,9856,,,,,
-63,26,9867,,,,,
-53.2,19,9877,,,,,
-58.1,18,9888,,,,,
-64.6,22,9899,,,,,
-61,22,9909,,,,,
-61,22,9919,,,,,
-61,22,9930,,,,,
-61,22,9940,,,,,
-59.6,21,9951,,,,,
-56.3,18,9961,,,,,
-59,18,9971,,,,,
-60.4,19,9982,,,,,
-60.9,20,9993,,,,,
-60,20,10004,,,,,
-58.6,19,10014,,,,,
-59.5,19,10025,,,,,
-55.3,16,10036,,,,,
-58,16,10047,,,,,
-58,16,10057,,,,,
-58,16,10067,,,,,
-58,16,10078,,,,,
-62.2,19,10088,,,,,
-59.5,19,10099,,,,,
-59.5,19,10109,,,,,
-59.5,19,10120,,,,,
-60.9,20,10130,,,,,
-69.8,27,10141,,,,,
-63.5,27,10151,,,,,
-53.7,20,10162,,,,,
-60,20,10172,,,,,
-58.6,19,10183,,,,,
-59.5,19,10194,,,,,
-55.3,16,10204,,,,,
-58,16,10215,,,,,
-58,16,10226,,,,,
-58,16,10236,,,,,
-58,16,10247,,,,,
-72,26,10257,,,,,
-54.6,20,10267,,,,,
-60,20,10278,,,,,
-62.8,22,10288,,,,,
-61,22,10298,,,,,
-61,22,10309,,,,,
-61,22,10320,,,,,
-62.4,23,10330,,,,,
-60.1,22,10340,,,,,
-59.6,21,10351,,,,,
-61.9,22,10361,,,,,
-61,22,10371,,,,,
-65.2,25,10382,,,,,
-62.5,25,10392,,,,,
-62.5,25,10402,,,,,
-59.7,23,10413,,,,,
-61.5,23,10423,,,,,
-55.9,19,10434,,,,,
-58.1,18,10444,,,,,
-57.6,17,10454,,,,,
-69.7,25,10465,,,,,
-62.5,25,10475,,,,,
-62.5,25,10485,,,,,
-54.1,19,10496,,,,,
-58.1,18,10506,,,,,
-60.4,19,10516,,,,,
-58.1,18,10527,,,,,
-59,18,10537,,,,,
-59,18,10548,,,,,
-59,18,10558,,,,,
-63.2,21,10569,,,,,
-61.9,22,10579,,,,,
-61,22,10590,,,,,
-59.6,21,10600,,,,,
-59.1,20,10610,,,,,
-58.6,19,10621,,,,,
-59.5,19,10632,,,,,
-59.5,19,10643,,,,,
-60.9,20,10653,,,,,
-60,20,10664,,,,,
-60,20,10674,,,,,
-60,20,10684,,,,,
-60,20,10695,,,,,
-69.8,27,10705,,,,,
-64.9,28,10715,,,,,
-66.8,30,10726,,,,,
-65,30,10736,,,,,
-60.8,27,10746,,,,,
-63.5,27,10757,,,,,
-49.5,17,10767,,,,,
-57.1,16,10778,,,,,
-74.8,28,10789,,,,,
-62.6,27,10799,,,,,
-63.5,27,10810,,,,,
-53.7,20,10821,,,,,
-54.4,16,10831,,,,,
-58,16,10841,,,,,
-58,16,10852,,,,,
-58,16,10863,,,,,
-58,16,10873,,,,,
-58,16,10884,,,,,
-58,16,10895,,,,,
-60.8,18,10906,,,,,
-64.6,22,10916,,,,,
-69.4,28,10926,,,,,
-57,23,10936,,,,,
-61.5,23,10947,,,,,
-58.7,21,10957,,,,,
-60.5,21,10968,,,,,
-56.3,18,10979,,,,,
-74.4,29,10989,,,,,
-61.7,27,11000,,,,,
-62.1,26,11010,,,,,
-63,26,11020,,,,,
-63,26,11031,,,,,
-63,26,11043,,,,,
-51.8,18,11054,,,,,
-61.8,20,11065,,,,,
-62.8,22,11075,,,,,
-61,22,11086,,,,,
-61,22,11096,,,,,
-61,22,11107,,,,,
-70.8,29,11117,,,,,
-54.7,22,11127,,,,,
-69.4,28,11138,,,,,
-50,18,11149,,,,,
-59,18,11159,,,,,
-59,18,11169,,,,,
-59,18,11180,,,,,
-59,18,11190,,,,,
-59,18,11201,,,,,
-59,18,11211,,,,,
-59,18,11222,,,,,
-57.6,17,11232,,,,,
-58.5,17,11243,,,,,
-55.7,15,11253,,,,,
-57.5,15,11264,,,,,
-57.5,15,11274,,,,,
-58.9,16,11284,,,,,
-60.8,18,11295,,,,,
-70.2,26,11305,,,,,
-61.6,25,11315,,,,,
-49.9,16,11326,,,,,
-56.6,15,11337,,,,,
-58.9,16,11347,,,,,
-58,16,11358,,,,,
-73.4,27,11369,,,,,
-52.3,19,11379,,,,,
-59.5,19,11390,,,,,
-60.9,20,11400,,,,,
-60,20,11411,,,,,
-60,20,11421,,,,,
-60,20,11432,,,,,
-60,20,11443,,,,,
-60,20,11453,,,,,
-60,20,11464,,,,,
-58.6,19,11475,,,,,
-49.7,12,11485,,,,,
-61.6,16,11496,,,,,
-58,16,11507,,,,,
-58,16,11517,,,,,
-58,16,11528,,,,,
-58,16,11538,,,,,
-58,16,11549,,,,,
-55.2,14,11559,,,,,
-57,14,11569,,,,,
-61.2,17,11580,,,,,
-59.9,18,11590,,,,,
-61.8,20,11601,,,,,
-72.6,29,11611,,,,,
-67.3,31,11621,,,,,
-62.7,29,11632,,,,,
-67.3,31,11642,,,,,
-64.1,30,11652,,,,,
-48.2,18,11663,,,,,
-59,18,11673,,,,,
-59,18,11684,,,,,
-59,18,11694,,,,,
-60.4,19,11705,,,,,
-59.5,19,11715,,,,,
-59.5,19,11726,,,,,
-62.3,21,11736,,,,,
-60.5,21,11746,,,,,
-61.9,22,11757,,,,,
-61,22,11767,,,,,
-59.6,21,11778,,,,,
-56.3,18,11788,,,,,
-53.4,14,11799,,,,,
-66.8,21,11809,,,,,
-61.9,22,11820,,,,,
-61,22,11830,,,,,
-61,22,11840,,,,,
-61,22,11851,,,,,
-61,22,11861,,,,,
-61,22,11871,,,,,
-61,22,11882,,,,,
-58.2,20,11892,,,,,
-60,20,11903,,,,,
-54.4,16,11913,,,,,
-58,16,11924,,,,,
-58,16,11934,,,,,
-58,16,11945,,,,,
-58,16,11956,,,,,
-62.2,19,11966,,,,,
-58.1,18,11977,,,,,
-56.2,16,11987,,,,,
-60.8,18,11998,,,,,
-60.4,19,12008,,,,,
-59.5,19,12018,,,,,
-74.9,30,12029,,,,,
-60.8,27,12039,,,,,
-63.5,27,12049,,,,,
-63.5,27,12060,,,,,
-48.1,16,12070,,,,,
-62.2,19,12081,,,,,
-60.9,20,12091,,,,,
-60,20,12102,,,,,
-60,20,12112,,,,,
-68.4,26,12123,,,,,
-54.6,20,12134,,,,,
-67,25,12144,,,,,
-62.5,25,12154,,,,,
-59.7,23,12165,,,,,
-51.7,16,12175,,,,,
-58,16,12186,,,,,
-60.8,18,12197,,,,,
-59,18,12207,,,,,
-61.8,20,12218,,,,,
-60,20,12228,,,,,
-62.8,22,12239,,,,,
-62.4,23,12249,,,,,
-60.1,22,12259,,,,,
-62.4,23,12270,,,,,
-61.5,23,12280,,,,,
-61.5,23,12291,,,,,
-69.9,29,12301,,,,,
-54.7,22,12312,,,,,
-61,22,12323,,,,,
-61,22,12333,,,,,
-72.2,30,12343,,,,,
-65,30,12353,,,,,
-65,30,12364,,,,,
-48.2,18,12374,,,,,
-59,18,12385,,,,,
-59,18,12395,,,,,
-59,18,12406,,,,,
-54.8,15,12417,,,,,
-72.9,26,12427,,,,,
-51.8,18,12437,,,,,
-59,18,12447,,,,,
-59,18,12458,,,,,
-59,18,12468,,,,,
-59,18,12479,,,,,
-59,18,12489,,,,,
-67.4,24,12500,,,,,
-55,19,12510,,,,,
-59.5,19,12521,,,,,
-59.5,19,12531,,,,,
-59.5,19,12542,,,,,
-59.5,19,12552,,,,,
-49.7,12,12563,,,,,
-56,12,12574,,,,,
-56,12,12584,,,,,
-65.8,19,12595,,,,,
-59.5,19,12606,,,,,
-59.5,19,12617,,,,,
-59.5,19,12627,,,,,
-59.5,19,12638,,,,,
-59.5,19,12649,,,,,
-55.3,16,12659,,,,,
-58,16,12670,,,,,
-58,16,12680,,,,,
-58,16,12691,,,,,
-58,16,12701,,,,,
-62.2,19,12712,,,,,
-59.5,19,12722,,,,,
-59.5,19,12733,,,,,
-59.5,19,12744,,,,,
-59.5,19,12755,,,,,
-49.7,12,12766,,,,,
-56,12,12777,,,,,
-60.2,15,12787,,,,,
-57.5,15,12798,,,,,
-58.9,16,12809,,,,,
-56.6,15,12819,,,,,
-57.5,15,12829,,,,,
-57.5,15,12840,,,,,
-57.5,15,12850,,,,,
-63.1,19,12861,,,,,
-59.5,19,12871,,,,,
-59.5,19,12881,,,,,
-74.9,30,12892,,,,,
-49.6,19,12902,,,,,
-59.5,19,12913,,,,,
-59.5,19,12923,,,,,
-60.9,20,12934,,,,,
-64.2,23,12945,,,,,
-62.9,24,12955,,,,,
-62,24,12965,,,,,
-76,34,12976,,,,,
-53,24,12986,,,,,
-60.6,23,12996,,,,,
-51.7,16,13007,,,,,
-58,16,13017,,,,,
-73.4,27,13028,,,,,
-63.5,27,13038,,,,,
-63.5,27,13049,,,,,
-63.5,27,13059,,,,,
-63.5,27,13070,,,,,
-48.1,16,13080,,,,,
-58,16,13091,,,,,
-62.2,19,13102,,,,,
-59.5,19,13112,,,,,
-59.5,19,13123,,,,,
-59.5,19,13134,,,,,
-60.9,20,13144,,,,,
-60,20,13155,,,,,
-55.8,17,13166,,,,,
-58.5,17,13177,,,,,
-58.5,17,13187,,,,,
-58.5,17,13198,,,,,
-58.5,17,13208,,,,,
-72.5,27,13219,,,,,
-49.5,17,13230,,,,,
-59.9,18,13240,,,,,
-57.6,17,13251,,,,,
-58.5,17,13262,,,,,
-58.5,17,13272,,,,,
-59.9,18,13283,,,,,
-57.6,17,13294,,,,,
-58.5,17,13305,,,,,
-58.5,17,13315,,,,,
-58.5,17,13325,,,,,
-58.5,17,13336,,,,,
-68.3,24,13347,,,,,
-52.2,17,13357,,,,,
-73.9,28,13368,,,,,
-54.2,21,13379,,,,,
-60.5,21,13389,,,,,
-60.5,21,13400,,,,,
-59.1,20,13411,,,,,
-60,20,13421,,,,,
-54.4,16,13432,,,,,
-58,16,13442,,,,,
-58,16,13453,,,,,
-60.8,18,13464,,,,,
-59,18,13474,,,,,
-59,18,13485,,,,,
-59,18,13495,,,,,
-59,18,13506,,,,,
-59,18,13517,,,,,
-64.6,22,13527,,,,,
-61,22,13538,,,,,
-61,22,13548,,,,,
-61,22,13560,,,,,
-61,22,13571,,,,,
-59.6,21,13593,,,,,
-57.7,19,13603,,,,,
-59.5,19,13613,,,,,
-74.9,30,13623,,,,,
-63.6,29,13634,,,,,
-64.5,29,13644,,,,,
-70.1,33,13654,,,,,
-66.5,33,13665,,,,,
-66.5,33,13675,,,,,
-66.5,33,13685,,,,,
-65.1,32,13696,,,,,
-47.8,19,13706,,,,,
-63.7,22,13717,,,,,
-55.4,18,13727,,,,,
-64.6,22,13738,,,,,
-70.8,29,13748,,,,,
-64.5,29,13758,,,,,
-65.9,30,13768,,,,,
-63.6,29,13779,,,,,
-65.9,30,13789,,,,,
-63.6,29,13799,,,,,
-64.5,29,13809,,,,,
-64.5,29,13820,,,,,
-64.5,29,13830,,,,,
-64.5,29,13840,,,,,
-63.1,28,13851,,,,,
-48.6,17,13862,,,,,
-57.1,16,13872,,,,,
-58,16,13883,,,,,
-65,21,13893,,,,,
-60.5,21,13903,,,,,
-59.1,20,13914,,,,,
-60,20,13924,,,,,
-60,20,13935,,,,,
-60,20,13945,,,,,
-60,20,13956,,,,,
-60,20,13966,,,,,
-58.6,19,13977,,,,,
-55.3,16,13987,,,,,
-58,16,13998,,,,,
-58,16,14008,,,,,
-59.4,17,14019,,,,,
-62.7,20,14029,,,,,
-60,20,14040,,,,,
-60,20,14051,,,,,
-60,20,14061,,,,,
-60,20,14072,,,,,
-58.6,19,14082,,,,,
-49.7,12,14093,,,,,
-60.2,15,14104,,,,,
-61.7,18,14114,,,,,
-59,18,14124,,,,,
-59,18,14135,,,,,
-59,18,14146,,,,,
-60.4,19,14156,,,,,
-59.5,19,14167,,,,,
-59.5,19,14178,,,,,
-59.5,19,14188,,,,,
-59.5,19,14199,,,,,
-59.5,19,14209,,,,,
-70.7,27,14219,,,,,
-67.7,30,14229,,,,,
-66.4,31,14240,,,,,
-64.1,30,14250,,,,,
-52.4,21,14262,,,,,
-61.9,22,14273,,,,,
-61,22,14283,,,,,
-61,22,14294,,,,,
-61,22,14305,,,,,
-59.6,21,14315,,,,,
-60.5,21,14325,,,,,
-71.7,29,14336,,,,,
-64.5,29,14346,,,,,
-61.7,27,14356,,,,,
-52.3,19,14367,,,,,
-58.1,18,14377,,,,,
-59,18,14387,,,,,
-74.4,29,14397,,,,,
-51.9,20,14407,,,,,
-58.6,19,14418,,,,,
-58.1,18,14428,,,,,
-59,18,14439,,,,,
-56.2,16,14449,,,,,
-58,16,14460,,,,,
-58,16,14471,,,,,
-58,16,14482,,,,,
-63.6,20,14493,,,,,
-60,20,14503,,,,,
-60,20,14513,,,,,
-60,20,14524,,,,,
-60,20,14535,,,,,
-58.6,19,14545,,,,,
-55.3,16,14556,,,,,
-58,16,14567,,,,,
-58,16,14578,,,,,
-58,16,14588,,,,,
-56.6,15,14599,,,,,
-54.7,13,14609,,,,,
-60.7,16,14620,,,,,
-58,16,14631,,,,,
-58,16,14642,,,,,
-58,16,14652,,,,,
-58,16,14663,,,,,
-58,16,14674,,,,,
-58,16,14684,,,,,
-58,16,14695,,,,,
-58,16,14706,,,,,
-58,16,14717,,,,,
-58,16,14728,,,,,
-58,16,14738,,,,,
-59.4,17,14748,,,,,
-68.3,24,14759,,,,,
-62,24,14769,,,,,
-63.4,25,14779,,,,,
-70.9,31,14789,,,,,
-66.9,32,14799,,,,,
-66,32,14810,,,,,
-66,32,14820,,,,,
-64.6,31,14830,,,,,
-65.5,31,14841,,,,,
-64.1,30,14851,,,,,
-63.6,29,14861,,,,,
-49.1,18,14872,,,,,
-59,18,14882,,,,,
-61.8,20,14893,,,,,
-62.8,22,14903,,,,,
-61,22,14914,,,,,
-61,22,14924,,,,,
-61,22,14934,,,,,
-61,22,14945,,,,,
-61,22,14956,,,,,
-61,22,14966,,,,,
-70.8,29,14977,,,,,
-53.3,21,14987,,,,,
-56.3,18,14997,,,,,
-59,18,15008,,,,,
-59,18,15018,,,,,
-59,18,15029,,,,,
-64.6,22,15039,,,,,
-61,22,15050,,,,,
-61,22,15060,,,,,
-61,22,15071,,,,,
-61,22,15081,,,,,
-66.6,26,15091,,,,,
-58.8,23,15101,,,,,
-51.7,16,15112,,,,,
-58,16,15122,,,,,
-58,16,15132,,,,,
-58,16,15143,,,,,
-58,16,15153,,,,,
-58,16,15164,,,,,
-58,16,15174,,,,,
-60.8,18,15185,,,,,
-56.2,16,15196,,,,,
-58,16,15206,,,,,
-58,16,15217,,,,,
-58,16,15228,,,,,
-62.2,19,15238,,,,,
-60.9,20,15249,,,,,
-60,20,15259,,,,,
-60,20,15270,,,,,
-58.6,19,15281,,,,,
-55.3,16,15292,,,,,
-58,16,15302,,,,,
-56.6,15,15313,,,,,
-58.9,16,15324,,,,,
-58,16,15335,,,,,
-58,16,15345,,,,,
-58,16,15356,,,,,
-58,16,15367,,,,,
-58,16,15377,,,,,
-58,16,15388,,,,,
-58,16,15399,,,,,
-56.6,15,15409,,,,,
-56.1,14,15419,,,,,
-57,14,15430,,,,,
-62.6,18,15441,,,,,
-59,18,15451,,,,,
-64.6,22,15461,,,,,
-61,22,15472,,,,,
-62.4,23,15482,,,,,
-61.5,23,15492,,,,,
-61.5,23,15503,,,,,
-60.1,22,15513,,,,,
-59.6,21,15524,,,,,
-60.5,21,15534,,,,,
-46.5,11,15545,,,,,
-70.9,22,15556,,,,,
-61,22,15566,,,,,
-61,22,15576,,,,,
-61,22,15587,,,,,
-61,22,15598,,,,,
-61,22,15608,,,,,
-70.8,29,15619,,,,,
-50.5,19,15629,,,,,
-59.5,19,15639,,,,,
-59.5,19,15650,,,,,
-58.1,18,15660,,,,,
-59,18,15671,,,,,
-59,18,15681,,,,,
-59,18,15692,,,,,
-59,18,15702,,,,,
-61.8,20,15713,,,,,
-60,20,15723,,,,,
-60,20,15734,,,,,
-58.6,19,15744,,,,,
-59.5,19,15755,,,,,
-59.5,19,15765,,,,,
-70.7,27,15775,,,,,
-49.5,17,15786,,,,,
-57.1,16,15796,,,,,
-58,16,15807,,,,,
-58,16,15818,,,,,
-58,16,15828,,,,,
-58,16,15839,,,,,
-59.4,17,15849,,,,,
-72.5,27,15859,,,,,
-64.9,28,15870,,,,,
-48.6,17,15880,,,,,
-57.1,16,15891,,,,,
-59.4,17,15901,,,,,
-57.1,16,15912,,,,,
-59.4,17,15923,,,,,
-57.1,16,15934,,,,,
-58,16,15944,,,,,
-58,16,15955,,,,,
-58,16,15966,,,,,
-63.6,20,15976,,,,,
-69.8,27,15987,,,,,
-63.5,27,15997,,,,,
-53.7,20,16008,,,,,
-60,20,16018,,,,,
-60,20,16029,,,,,
-58.6,19,16039,,,,,
-52.5,14,16049,,,,,
-66.8,21,16060,,,,,
-61.9,22,16070,,,,,
-61,22,16080,,,,,
-61,22,16091,,,,,
-61,22,16102,,,,,
-70.8,29,16112,,,,,
-64.5,29,16122,,,,,
-64.5,29,16133,,,,,
-54.7,22,16144,,,,,
-62.4,23,16154,,,,,
-65.7,26,16164,,,,,
-68.6,30,16174,,,,,
-66.4,31,16185,,,,,
-65.5,31,16195,,,,,
-65.5,31,16205,,,,,
-65.5,31,16216,,,,,
-65.5,31,16226,,,,,
-54.3,23,16236,,,,,
-61.5,23,16247,,,,,
-60.1,22,16257,,,,,
-51.2,15,16267,,,,,
-56.1,14,16278,,,,,
-58.4,15,16289,,,,,
-61.7,18,16300,,,,,
-59,18,16311,,,,,
-59,18,16321,,,,,
-59,18,16331,,,,,
-59,18,16342,,,,,
-59,18,16352,,,,,
-59,18,16362,,,,,
-54.8,15,16373,,,,,
-57.5,15,16383,,,,,
-57.5,15,16394,,,,,
-58.9,16,16404,,,,,
-58,16,16415,,,,,
-58,16,16425,,,,,
-58,16,16436,,,,,
-72,26,16446,,,,,
-49,16,16457,,,,,
-58,16,16467,,,,,
-58,16,16478,,,,,
-62.2,19,16489,,,,,
-59.5,19,16499,,,,,
-59.5,19,16509,,,,,
194.3,19,16530,,,,,
-59.5,19,16541,,,,,
-55.3,16,16551,,,,,
-73.4,27,16562,,,,,
-52.3,19,16573,,,,,
-73.5,29,16583,,,,,
-50.5,19,16594,,,,,
-59.5,19,16605,,,,,
-59.5,19,16615,,,,,
-49.7,12,16626,,,,,
-57.4,13,16637,,,,,
-59.3,15,16647,,,,,
-58.9,16,16658,,,,,
-59.4,17,16668,,,,,
-59.9,18,16679,,,,,
-59,18,16689,,,,,
-60.4,19,16700,,,,,
-59.5,19,16710,,,,,
-59.5,19,16720,,,,,
-59.5,19,16730,,,,,
-56.7,17,16741,,,,,
-55.7,15,16751,,,,,
-57.5,15,16761,,,,,
-60.3,17,16772,,,,,
-59.9,18,16783,,,,,
-59,18,16793,,,,,
-59,18,16804,,,,,
-59,18,16814,,,,,
-59,18,16824,,,,,
-59,18,16835,,,,,
-59,18,16845,,,,,
-54.8,15,16855,,,,,
-56.1,14,16866,,,,,
-57,14,16877,,,,,
-62.6,18,16887,,,,,
-60.4,19,16898,,,,,
-59.5,19,16908,,,,,
-63.7,22,16918,,,,,
-61,22,16929,,,,,
-62.4,23,16940,,,,,
-60.1,22,16951,,,,,
-61,22,16961,,,,,
-56.8,19,16972,,,,,
-59.5,19,16983,,,,,
-59.5,19,16993,,,,,
-62.3,21,17004,,,,,
-60.5,21,17015,,,,,
-60.5,21,17025,,,,,
-60.5,21,17036,,,,,
-60.5,21,17047,,,,,
-54.9,17,17057,,,,,
-58.5,17,17068,,,,,
-58.5,17,17079,,,,,
-58.5,17,17089,,,,,
-54.3,14,17100,,,,,
-57,14,17111,,,,,
-55.6,13,17122,,,,,
-56.5,13,17133,,,,,
-56.5,13,17143,,,,,
-56.5,13,17154,,,,,
-57.9,14,17165,,,,,
-55.6,13,17175,,,,,
-62.1,17,17187,,,,,
-58.5,17,17198,,,,,
-58.5,17,17209,,,,,
-58.5,17,17219,,,,,
-58.5,17,17230,,,,,
-58.5,17,17241,,,,,
-58.5,17,17252,,,,,
-58.5,17,17262,,,,,
-62.7,20,17273,,,,,
-61.4,21,17284,,,,,
-75.9,32,17294,,,,,
-50.6,21,17305,,,,,
-60.5,21,17315,,,,,
-73.1,30,17325,,,,,
-65,30,17336,,,,,
-65,30,17346,,,,,
-65,30,17356,,,,,
-51,20,17366,,,,,
-60,20,17380,,,,,
-60,20,17390,,,,,
-58.6,19,17400,,,,,
-59.5,19,17411,,,,,
-59.5,19,17421,,,,,
-67.9,25,17432,,,,,
-62.5,25,17442,,,,,
-48.5,15,17453,,,,,
-72.9,26,17463,,,,,
-47.6,15,17474,,,,,
-57.5,15,17484,,,,,
-58.9,16,17495,,,,,
-56.6,15,17505,,,,,
-57.5,15,17516,,,,,
-57.5,15,17526,,,,,
-57.5,15,17536,,,,,
-57.5,15,17547,,,,,
-57.5,15,17557,,,,,
-57.5,15,17568,,,,,
-61.7,18,17578,,,,,
-68.8,25,17589,,,,,
-54.1,19,17599,,,,,
-59.5,19,17610,,,,,
-59.5,19,17620,,,,,
-59.5,19,17630,,,,,
-66.5,24,17641,,,,,
-53.6,18,17651,,,,,
-59,18,17661,,,,,
-67.4,24,17672,,,,,
-50.8,16,17682,,,,,
-73.4,27,17693,,,,,
-49.5,17,17704,,,,,
-57.1,16,17714,,,,,
-58,16,17724,,,,,
-58,16,17735,,,,,
-58,16,17746,,,,,
-58,16,17756,,,,,
-58,16,17767,,,,,
-58,16,17778,,,,,
-58,16,17788,,,,,
-53.8,13,17799,,,,,
-60.7,16,17809,,,,,
-58,16,17820,,,,,
-67.8,23,17830,,,,,
-51.7,16,17840,,,,,
-72,26,17851,,,,,
-49,16,17862,,,,,
-58,16,17872,,,,,
-58,16,17883,,,,,
-58,16,17893,,,,,
-58,16,17904,,,,,
-58,16,17915,,,,,
-58,16,17925,,,,,
-56.6,15,17936,,,,,
-70.1,24,17946,,,,,
-57.8,21,17956,,,,,
-52.1,15,17967,,,,,
-57.5,15,17977,,,,,
-56.1,14,17988,,,,,
-57,14,17999,,,,,
-66.8,21,18009,,,,,
-63.3,23,18020,,,,,
-75.5,33,18030,,,,,
-66.5,33,18040,,,,,
-55.3,25,18051,,,,,
-62.5,25,18061,,,,,
-49.9,16,18071,,,,,
-60.8,18,18081,,,,,
-66,23,18092,,,,,
-69.9,29,18102,,,,,
-67.3,31,18112,,,,,
-64.1,30,18123,,,,,
-51,20,18133,,,,,
-57.2,18,18144,,,,,
-59,18,18155,,,,,
-59,18,18165,,,,,
-59,18,18176,,,,,
-60.4,19,18186,,,,,
-59.5,19,18197,,,,,
-59.5,19,18207,,,,,
-59.5,19,18218,,,,,
-58.1,18,18229,,,,,
-60.4,19,18239,,,,,
-58.1,18,18250,,,,,
-60.4,19,18260,,,,,
-67.9,25,18270,,,,,
-65.3,27,18281,,,,,
-62.1,26,18291,,,,,
-61.6,25,18302,,,,,
-61.1,24,18312,,,,,
-62,24,18322,,,,,
-50.8,16,18333,,,,,
-58,16,18343,,,,,
-58,16,18354,,,,,
-58,16,18364,,,,,
-56.6,15,18374,,,,,
-53.3,12,18385,,,,,
-56,12,18396,,,,,
-56,12,18407,,,,,
-56,12,18418,,,,,
-56,12,18428,,,,,
-61.6,16,18439,,,,,
-58,16,18449,,,,,
-74.8,28,18460,,,,,
-52.8,20,18470,,,,,
-60,20,18481,,,,,
-60,20,18491,,,,,
-60,20,18502,,,,,
-60,20,18513,,,,,
-60,20,18523,,,,,
-60,20,18534,,,,,
-60,20,18545,,,,,
-60,20,18555,,,,,
-58.6,19,18566,,,,,
-49.7,12,18577,,,,,
-58.8,14,18588,,,,,
-57,14,18606,,,,,
-58.4,15,18626,,,,,
-57.5,15,18636,,,,,
-67.3,22,18646,,,,,
-51.2,15,18657,,,,,
-57.5,15,18667,,,,,
-63.1,19,18677,,,,,
-58.1,18,18688,,,,,
-59,18,18698,,,,,
-59,18,18709,,,,,
-59,18,18719,,,,,
-59,18,18730,,,,,
-68.8,25,18741,,,,,
-62.5,25,18751,,,,,
-52.7,18,18761,,,,,
-59,18,18772,,,,,
-59,18,18782,,,,,
-59,18,18793,,,,,
-59,18,18804,,,,,
-59,18,18814,,,,,
-60.4,19,18825,,,,,
-59.5,19,18835,,,,,
-73.5,29,18846,,,,,
-50.5,19,18856,,,,,
-73.5,29,18867,,,,,
-64.5,29,18877,,,,,
-51.9,20,18887,,,,,
-60,20,18898,,,,,
-57.2,18,18908,,,,,
-59,18,18918,,,,,
-56.2,16,18929,,,,,
-58,16,18939,,,,,
-56.6,15,18950,,,,,
-58.9,16,18961,,,,,
-58,16,18971,,,,,
-58,16,18981,,,,,
-67.8,23,18992,,,,,
-46.1,12,19002,,,,,
-56,12,19013,,,,,
-61.6,16,19023,,,,,
-58,16,19033,,,,,
-70.6,25,19044,,,,,
-66.7,28,19054,,,,,
-47.2,16,19064,,,,,
-48.2,9,19075,,,,,
-53.1,8,19086,,,,,
-54,8,19096,,,,,
-69.4,19,19107,,,,,
-60.9,20,19118,,,,,
-60,20,19129,,,,,
-60,20,19139,,,,,
-60,20,19150,,,,,
-61.4,21,19161,,,,,
-68.9,27,19171,,,,,
-63.5,27,19181,,,,,
-64.9,28,19192,,,,,
-62.6,27,19202,,,,,
-63.5,27,19213,,,,,
-50.9,18,19223,,,,,
-59,18,19233,,,,,
-59,18,19244,,,,,
-64.6,22,19254,,,,,
-61,22,19265,,,,,
-62.4,23,19275,,,,,
-61.5,23,19286,,,,,
-61.5,23,19296,,,,,
-60.1,22,19307,,,,,
-65.2,25,19317,,,,,
-55.5,20,19327,,,,,
-69.8,27,19338,,,,,
-52.3,19,19348,,,,,
-59.5,19,19358,,,,,
-58.1,18,19369,,,,,
-59,18,19379,,,,,
-56.2,16,19390,,,,,
-58,16,19400,,,,,
-60.8,18,19411,,,,,
-59,18,19421,,,,,
-59,18,19431,,,,,
-59,18,19442,,,,,
-59,18,19453,,,,,
-59,18,19463,,,,,
-59,18,19474,,,,,
-59,18,19484,,,,,
-74.4,29,19495,,,,,
-67.3,31,19505,,,,,
-66.9,32,19515,,,,,
-66,32,19525,,,,,
-66,32,19536,,,,,
-66,32,19546,,,,,
-68.8,34,19556,,,,,
-65.6,33,19566,,,,,
-62.3,30,19577,,,,,
-65,30,19587,,,,,
-62.2,28,19597,,,,,
-64,28,19607,,,,,
-65.4,29,19618,,,,,
-64.5,29,19628,,,,,
-64.5,29,19638,,,,,
-44.9,15,19649,,,,,
-54.7,13,19660,,,,,
-55.1,12,19670,,,,,
-61.6,16,19681,,,,,
-58,16,19691,,,,,
-58,16,19702,,,,,
-58,16,19713,,,,,
-58,16,19724,,,,,
-58,16,19734,,,,,
-58,16,19745,,,,,
-58,16,19755,,,,,
-58,16,19766,,,,,
-58,16,19777,,,,,
-60.8,18,19787,,,,,
-56.2,16,19797,,,,,
-58,16,19808,,,,,
-58,16,19819,,,,,
-58,16,19829,,,,,
-58,16,19840,,,,,
-58,16,19851,,,,,
-62.2,19,19862,,,,,
-59.5,19,19872,,,,,
-70.7,27,19882,,,,,
-53.7,20,19893,,,,,
-71.2,28,19903,,,,,
-50,18,19913,,,,,
-59,18,19923,,,,,
-59,18,19934,,,,,
-59,18,19945,,,,,
-64.6,22,19955,,,,,
-61,22,19965,,,,,
-61,22,19976,,,,,
-61,22,19987,,,,,
-61,22,19997,,,,,
-55.4,18,20008,,,,,
-59,18,20018,,,,,
-63.2,21,20029,,,,,
-61.9,22,20039,,,,,
-61,22,20050,,,,,
-61,22,20060,,,,,
-61,22,20071,,,,,
-61,22,20081,,,,,
-73.6,31,20091,,,,,
-65.5,31,20101,,,,,
-65.5,31,20112,,,,,
-64.1,30,20122,,,,,
-63.6,29,20132,,,,,
-50.5,19,20143,,,,,
-58.1,18,20153,,,,,
-59,18,20164,,,,,
-59,18,20174,,,,,
-57.6,17,20184,,,,,
-58.5,17,20195,,,,,
-58.5,17,20205,,,,,
-57.1,16,20216,,,,,
-58,16,20226,,,,,
-73.4,27,20237,,,,,
-46.7,15,20248,,,,,
-57.5,15,20258,,,,,
-68.7,23,20269,,,,,
-61.5,23,20279,,,,,
-50.3,15,20290,,,,,
-68.7,23,20301,,,,,
-50.3,15,20312,,,,,
-58.9,16,20323,,,,,
-58,16,20333,,,,,
-58,16,20344,,,,,
-58,16,20354,,,,,
-58,16,20365,,,,,
-65,21,20375,,,,,
-59.1,20,20386,,,,,
-60,20,20397,,,,,
-61.4,21,20408,,,,,
-70.3,28,20418,,,,,
-52.8,20,20429,,,,,
-58.6,19,20439,,,,,
-53.9,15,20450,,,,,
-63.1,19,20460,,,,,
-59.5,19,20471,,,,,
-59.5,19,20481,,,,,
-60.9,20,20492,,,,,
-58.6,19,20503,,,,,
-67.9,25,20513,,,,,
-62.5,25,20523,,,,,
-62.5,25,20533,,,,,
-62.5,25,20544,,,,,
-52.7,18,20554,,,,,
-59,18,20565,,,,,
-59,18,20576,,,,,
-59,18,20587,,,,,
-54.8,15,20597,,,,,
-56.1,14,20607,,,,,
-62.6,18,20618,,,,,
-59,18,20628,,,,,
-59,18,20638,,,,,
-59,18,20649,,,,,
-59,18,20660,,,,,
-63.2,21,20670,,,,,
-56.3,18,20681,,,,,
-59,18,20691,,,,,
-59,18,20702,,,,,
-57.6,17,20712,,,,,
-54.3,14,20723,,,,,
-57,14,20733,,,,,
-57,14,20744,,,,,
-57,14,20755,,,,,
-58.4,15,20765,,,,,
-61.7,18,20777,,,,,
-59,18,20788,,,,,
-59,18,20798,,,,,
-59,18,20809,,,,,
-59,18,20820,,,,,
-57.6,17,20830,,,,,
-58.5,17,20841,,,,,
-57.1,16,20852,,,,,
-56.6,15,20862,,,,,
-57.5,15,20873,,,,,
-57.5,15,20883,,,,,
-57.5,15,20894,,,,,
-57.5,15,20905,,,,,
-53.3,12,20916,,,,,
-60.2,15,20926,,,,,
-57.5,15,20937,,,,,
200.8,15,20959,,,,,
-57.5,15,20969,,,,,
-57.5,15,20980,,,,,
-53.3,12,20991,,,,,
-56,12,21001,,,,,
-56,12,21012,,,,,
-56,12,21022,,,,,
-56,12,21033,,,,,
-56,12,21044,,,,,
-56,12,21055,,,,,
-57.4,13,21065,,,,,
-56.5,13,21076,,,,,
-56.5,13,21087,,,,,
-56.5,13,21098,,,,,
-50.9,9,21109,,,,,
-54.5,9,21119,,,,,
-65.7,17,21130,,,,,
-61.3,19,21140,,,,,
-59.5,19,21151,,,,,
-59.5,19,21161,,,,,
-74.9,30,21172,,,,,
-65,30,21182,,,,,
-51,20,21193,,,,,
-60,20,21203,,,,,
-58.6,19,21215,,,,,
-59.5,19,21225,,,,,
-59.5,19,21236,,,,,
-65.1,23,21247,,,,,
-62.9,24,21257,,,,,
-60.6,23,21267,,,,,
-62.9,24,21278,,,,,
-60.6,23,21288,,,,,
-61.5,23,21299,,,,,
-51.7,16,21310,,,,,
-58,16,21321,,,,,
-58,16,21331,,,,,
-58,16,21341,,,,,
-58,16,21352,,,,,
-58,16,21362,,,,,
-58,16,21373,,,,,
-58,16,21383,,,,,
-56.6,15,21394,,,,,
-57.5,15,21405,,,,,
-57.5,15,21415,,,,,
-54.7,13,21425,,,,,
-66.3,20,21436,,,,,
-64.2,23,21446,,,,,
-55.9,19,21456,,,,,
-59.5,19,21467,,,,,
-59.5,19,21477,,,,,
-59.5,19,21488,,,,,
-59.5,19,21498,,,,,
-58.1,18,21509,,,,,
-71.6,27,21519,,,,,
-64.9,28,21530,,,,,
-59.8,25,21541,,,,,
-62.5,25,21551,,,,,
-51.3,17,21561,,,,,
-58.5,17,21572,,,,,
-58.5,17,21582,,,,,
-57.1,16,21593,,,,,
-58,16,21604,,,,,
-52.4,12,21615,,,,,
-61.6,16,21625,,,,,
-59.4,17,21636,,,,,
-58.5,17,21646,,,,,
-57.1,16,21657,,,,,
-58,16,21668,,,,,
-58,16,21678,,,,,
-52.4,12,21689,,,,,
-56,12,21699,,,,,
-56,12,21710,,,,,
-61.6,16,21720,,,,,
-69.2,24,21730,,,,,
-66.2,27,21741,,,,,
-48.1,16,21751,,,,,
-55.2,14,21762,,,,,
-54.2,12,21773,,,,,
-56,12,21784,,,,,
-64.4,18,21794,,,,,
-59,18,21805,,,,,
-59,18,21815,,,,,
-59,18,21825,,,,,
-57.6,17,21836,,,,,
-58.5,17,21846,,,,,
-55.7,15,21857,,,,,
-61.7,18,21868,,,,,
-59,18,21879,,,,,
-59,18,21889,,,,,
-59,18,21900,,,,,
-59,18,21910,,,,,
-70.2,26,21921,,,,,
-61.6,25,21931,,,,,
-62.5,25,21941,,,,,
-52.7,18,21952,,,,,
-59,18,21963,,,,,
-59,18,21973,,,,,
-59,18,21984,,,,,
-59,18,21995,,,,,
-59,18,22005,,,,,
-59,18,22016,,,,,
-59,18,22026,,,,,
-59,18,22036,,,,,
-53.4,14,22047,,,,,
-68.2,22,22058,,,,,
-61,22,22068,,,,,
-66.6,26,22078,,,,,
-71.4,32,22089,,,,,
-66,32,22099,,,,,
-52,22,22110,,,,,
-49.8,14,22120,,,,,
-54.2,12,22130,,,,,
-60.2,15,22141,,,,,
-58.9,16,22152,,,,,
-58,16,22162,,,,,
-58,16,22173,,,,,
-58,16,22187,,,,,
-58,16,22197,,,,,
-53.8,13,22208,,,,,
-60.7,16,22218,,,,,
-56.6,15,22228,,,,,
-58.9,16,22239,,,,,
-58,16,22249,,,,,
-58,16,22260,,,,,
-58,16,22270,,,,,
-53.8,13,22281,,,,,
-56.5,13,22291,,,,,
-55.1,12,22302,,,,,
-56,12,22312,,,,,
-56,12,22323,,,,,
-56,12,22334,,,,,
-56,12,22344,,,,,
-72.8,24,22355,,,,,
-45.2,12,22366,,,,,
-65.8,19,22376,,,,,
-60.9,20,22387,,,,,
-60,20,22398,,,,,
-58.6,19,22408,,,,,
-59.5,19,22419,,,,,
-59.5,19,22430,,,,,
-66.5,24,22440,,,,,
-63.4,25,22450,,,,,
-65.3,27,22461,,,,,
-50.9,18,22471,,,,,
-59,18,22482,,,,,
-59,18,22493,,,,,
-60.4,19,22503,,,,,
-73.5,29,22513,,,,,
-50.5,19,22524,,,,,
-59.5,19,22534,,,,,
-59.5,19,22544,,,,,
-70.7,27,22555,,,,,
-63.5,27,22565,,,,,
-66.3,29,22576,,,,,
-64.5,29,22586,,,,,
-61.7,27,22596,,,,,
-52.3,19,22607,,,,,
-58.1,18,22617,,,,,
-60.4,19,22628,,,,,
-58.1,18,22638,,,,,
-68.8,25,22649,,,,,
-52.7,18,22659,,,,,
-54.8,15,22669,,,,,
-57.5,15,22680,,,,,
-57.5,15,22691,,,,,
-57.5,15,22701,,,,,
-57.5,15,22712,,,,,
-61.7,18,22722,,,,,
-60.4,19,22733,,,,,
-59.5,19,22743,,,,,
-58.1,18,22753,,,,,
-56.2,16,22764,,,,,
-58,16,22774,,,,,
-58,16,22785,,,,,
-58,16,22796,,,,,
-59.4,17,22807,,,,,
-72.5,27,22817,,,,,
-57.9,23,22827,,,,,
-67.1,27,22838,,,,,
-48.1,16,22849,,,,,
-59.4,17,22859,,,,,
-73.9,28,22869,,,,,
-65.4,29,22879,,,,,
-63.1,28,22890,,,,,
-47.2,16,22900,,,,,
-58,16,22911,,,,,
-58,16,22921,,,,,
-58,16,22932,,,,,
-52.4,12,22943,,,,,
-56,12,22954,,,,,
-56,12,22965,,,,,
-56,12,22975,,,,,
-56,12,22986,,,,,
-71.4,23,22996,,,,,
-51.7,16,23006,,,,,
-58,16,23017,,,,,
-56.6,15,23027,,,,,
-57.5,15,23038,,,,,
-57.5,15,23049,,,,,
-53.3,12,23059,,,,,
-58.8,14,23070,,,,,
-62.6,18,23080,,,,,
-59,18,23090,,,,,
-59,18,23101,,,,,
-59,18,23111,,,,,
-59,18,23122,,,,,
-59,18,23132,,,,,
-57.6,17,23143,,,,,
-61.3,19,23153,,,,,
-58.1,18,23164,,,,,
-59,18,23174,,,,,
-59,18,23184,,,,,
-59,18,23195,,,,,
-59,18,23205,,,,,
-70.2,26,23215,,,,,
-51.8,18,23226,,,,,
-59,18,23236,,,,,
-60.4,19,23247,,,,,
-58.1,18,23257,,,,,
-59,18,23267,,,,,
-59,18,23278,,,,,
-68.8,25,23288,,,,,
-62.5,25,23298,,,,,
-48.5,15,23309,,,,,
-57.5,15,23319,,,,,
-57.5,15,23330,,,,,
-57.5,15,23341,,,,,
-61.7,18,23351,,,,,
-59,18,23362,,,,,
-59,18,23372,,,,,
-59,18,23383,,,,,
-59,18,23393,,,,,
-54.8,15,23404,,,,,
-56.1,14,23414,,,,,
-57,14,23424,,,,,
-58.4,15,23435,,,,,
-58.9,16,23446,,,,,
-58,16,23456,,,,,
-58,16,23466,,,,,
-58,16,23477,,,,,
-58,16,23488,,,,,
-58,16,23499,,,,,
-63.6,20,23509,,,,,
-60,20,23520,,,,,
-60,20,23530,,,,,
-60,20,23540,,,,,
-60,20,23551,,,,,
-58.6,19,23561,,,,,
-59.5,19,23572,,,,,
-59.5,19,23582,,,,,
-53.9,15,23593,,,,,
-57.5,15,23604,,,,,
-57.5,15,23615,,,,,
-57.5,15,23625,,,,,
-58.9,16,23648,,,,,
-56.6,15,23658,,,,,
-58.9,16,23668,,,,,
-58,16,23679,,,,,
-58,16,23689,,,,,
-58,16,23700,,,,,
-58,16,23711,,,,,
-58,16,23721,,,,,
-70.6,25,23731,,,,,
-52.7,18,23742,,,,,
-59,18,23752,,,,,
-59,18,23762,,,,,
-59,18,23773,,,,,
-59,18,23784,,,,,
-59,18,23794,,,,,
-54.8,15,23804,,,,,
-61.7,18,23815,,,,,
-60.4,19,23825,,,,,
-73.5,29,23836,,,,,
-67.3,31,23846,,,,,
-65.5,31,23856,,,,,
-65.5,31,23866,,,,,
-62.7,29,23876,,,,,
-65.9,30,23887,,,,,
-63.6,29,23897,,,,,
-64.5,29,23908,,,,,
-49.1,18,23918,,,,,
-59,18,23928,,,,,
-59,18,23939,,,,,
-59,18,23949,,,,,
-54.8,15,23960,,,,,
-64.5,20,23970,,,,,
-62.8,22,23980,,,,,
-66.6,26,23991,,,,,
-64.4,27,24001,,,,,
-60.7,25,24011,,,,,
-65.3,27,24021,,,,,
-63.5,27,24032,,,,,
-66.3,29,24042,,,,,
-61.7,27,24052,,,,,
-59.3,24,24063,,,,,
-49.4,15,24073,,,,,
-57.5,15,24084,,,,,
-58.9,16,24095,,,,,
-58,16,24105,,,,,
-58,16,24116,,,,,
-58,16,24126,,,,,
-56.6,15,24137,,,,,
-53.3,12,24147,,,,,
-56,12,24158,,,,,
-60.2,15,24168,,,,,
-58.9,16,24179,,,,,
-58,16,24189,,,,,
-58,16,24200,,,,,
-58,16,24210,,,,,
-56.6,15,24221,,,,,
-53.3,12,24232,,,,,
-56,12,24242,,,,,
-56,12,24253,,,,,
-56,12,24264,,,,,
-56,12,24274,,,,,
-67.2,20,24285,,,,,
-60,20,24295,,,,,
-60,20,24306,,,,,
-60,20,24317,,,,,
-60,20,24327,,,,,
-69.8,27,24338,,,,,
-50.9,18,24348,,,,,
-59,18,24359,,,,,
-59,18,24369,,,,,
-59,18,24380,,,,,
-60.4,19,24391,,,,,
-59.5,19,24401,,,,,
-67.9,25,24412,,,,,
-63.9,26,24422,,,,,
-67.2,29,24432,,,,,
-64.5,29,24443,,,,,
-49.1,18,24454,,,,,
-59,18,24464,,,,,
-60.4,19,24474,,,,,
-62.3,21,24485,,,,,
-60.5,21,24495,,,,,
-73.1,30,24505,,,,,
-48.2,18,24516,,,,,
-67.4,24,24526,,,,,
-49.4,15,24536,,,,,
-56.1,14,24547,,,,,
-57,14,24557,,,,,
-72.4,25,24568,,,,,
-62.5,25,24578,,,,,
-62.5,25,24589,,,,,
-63.9,26,24599,,,,,
-61.6,25,24609,,,,,
-52.7,18,24621,,,,,
-59,18,24632,,,,,
-57.6,17,24642,,,,,
-58.5,17,24653,,,,,
-55.7,15,24664,,,,,
-70.1,24,24674,,,,,
-49.4,15,24684,,,,,
-57.5,15,24695,,,,,
-57.5,15,24705,,,,,
-63.1,19,24716,,,,,
-59.5,19,24727,,,,,
-59.5,19,24738,,,,,
-59.5,19,24749,,,,,
-59.5,19,24760,,,,,
-59.5,19,24770,,,,,
-49.7,12,24781,,,,,
-56,12,24791,,,,,
-56,12,24802,,,,,
-56,12,24813,,,,,
-56,12,24823,,,,,
-56,12,24834,,,,,
-56,12,24844,,,,,
-56,12,24855,,,,,
-56,12,24866,,,,,
-56,12,24876,,,,,
-56,12,24887,,,,,
-56,12,24898,,,,,
-56,12,24908,,,,,
-56,12,24918,,,,,
-56,12,24929,,,,,
-56,12,24939,,,,,
-56,12,24950,,,,,
-50.4,8,24961,,,,,
-54,8,24972,,,,,
-65.2,16,24983,,,,,
-59.4,17,24993,,,,,
-58.5,17,25003,,,,,
-59.9,18,25014,,,,,
-59,18,25025,,,,,
-59,18,25035,,,,,
-59,18,25046,,,,,
-59,18,25056,,,,,
-59,18,25067,,,,,
-59,18,25077,,,,,
-56.2,16,25088,,,,,
-62.2,19,25098,,,,,
-58.1,18,25108,,,,,
-59,18,25119,,,,,
-59,18,25129,,,,,
-57.6,17,25140,,,,,
-58.5,17,25151,,,,,
-55.7,15,25161,,,,,
-56.1,14,25171,,,,,
-72.4,25,25182,,,,,
-48.5,15,25193,,,,,
-57.5,15,25203,,,,,
-57.5,15,25214,,,,,
-56.1,14,25224,,,,,
-58.4,15,25235,,,,,
-57.5,15,25246,,,,,
-64.5,20,25256,,,,,
-71.2,28,25266,,,,,
-64,28,25276,,,,,
-66.8,30,25287,,,,,
-49.6,19,25297,,,,,
-59.5,19,25308,,,,,
-48.3,11,25319,,,,,
190.8,17,25340,,,,,
-58.5,17,25350,,,,,
-58.5,17,25360,,,,,
-58.5,17,25371,,,,,
-58.5,17,25381,,,,,
-58.5,17,25392,,,,,
-52.9,13,25402,,,,,
-56.5,13,25413,,,,,
-56.5,13,25424,,,,,
-57.9,14,25434,,,,,
-57,14,25445,,,,,
-55.6,13,25456,,,,,
-57.9,14,25467,,,,,
-55.6,13,25477,,,,,
-59.3,15,25488,,,,,
-60.3,17,25498,,,,,
-58.5,17,25509,,,,,
-58.5,17,25519,,,,,
-58.5,17,25530,,,,,
-58.5,17,25541,,,,,
-57.1,16,25552,,,,,
-53.8,13,25562,,,,,
-56.5,13,25573,,,,,
-73.3,25,25584,,,,,
-48.5,15,25594,,,,,
-60.3,17,25605,,,,,
-58.5,17,25616,,,,,
-61.3,19,25626,,,,,
-59.5,19,25637,,,,,
-60.9,20,25647,,,,,
-62.8,22,25657,,,,,
-63.8,24,25668,,,,,
-63.4,25,25678,,,,,
-62.5,25,25688,,,,,
-65.3,27,25700,,,,,
-66.3,29,25711,,,,,
-63.1,28,25721,,,,,
-61.2,26,25732,,,,,
-49,16,25742,,,,,
-56.6,15,25752,,,,,
-63.1,19,25763,,,,,
-59.5,19,25773,,,,,
-59.5,19,25784,,,,,
-59.5,19,25795,,,,,
-60.9,20,25805,,,,,
-58.6,19,25816,,,,,
-59.5,19,25826,,,,,
-59.5,19,25837,,,,,
-67.9,25,25847,,,,,
-52.7,18,25857,,,,,
-59,18,25868,,,,,
-59,18,25878,,,,,
-59,18,25889,,,,,
-59,18,25900,,,,,
-59,18,25910,,,,,
-59,18,25921,,,,,
-59,18,25931,,,,,
-56.2,16,25941,,,,,
-58,16,25952,,,,,
-56.6,15,25962,,,,,
-57.5,15,25972,,,,,
-58.9,16,25983,,,,,
-69.2,24,25994,,,,,
-60.6,23,26004,,,,,
-61.5,23,26014,,,,,
-61.5,23,26025,,,,,
-51.7,16,26036,,,,,
-58,16,26046,,,,,
-58,16,26057,,,,,
-73.4,27,26067,,,,,
-56.5,22,26077,,,,,
-62.4,23,26088,,,,,
-60.1,22,26098,,,,,
-61,22,26109,,,,,
-61,22,26119,,,,,
-52.6,16,26130,,,,,
-73.4,27,26140,,,,,
-63.5,27,26150,,,,,
-57.9,23,26161,,,,,
-51.7,16,26171,,,,,
-52.4,12,26182,,,,,
-60.2,15,26193,,,,,
-58.9,16,26203,,,,,
-58,16,26214,,,,,
-56.6,15,26225,,,,,
-57.5,15,26236,,,,,
-57.5,15,26246,,,,,
-53.3,12,26257,,,,,
-63,17,26267,,,,,
-68.3,24,26277,,,,,
-63.4,25,26288,,,,,
-68.1,29,26298,,,,,
-64.5,29,26308,,,,,
-58.9,25,26319,,,,,
-47.1,14,26329,,,,,
-57,14,26339,,,,,
-57,14,26350,,,,,
-57,14,26360,,,,,
-57,14,26372,,,,,
-57,14,26383,,,,,
-62.6,18,26394,,,,,
-60.4,19,26404,,,,,
-59.5,19,26415,,,,,
-58.1,18,26425,,,,,
-57.6,17,26435,,,,,
-54.3,14,26446,,,,,
-57,14,26457,,,,,
-61.2,17,26467,,,,,
-59.9,18,26478,,,,,
-59,18,26488,,,,,
-59,18,26499,,,,,
-59,18,26509,,,,,
-59,18,26520,,,,,
-54.8,15,26530,,,,,
-64.5,20,26540,,,,,
-67,25,26551,,,,,
-65.3,27,26561,,,,,
-63.5,27,26571,,,,,
-64.9,28,26581,,,,,
-61.2,26,26592,,,,,
-63,26,26602,,,,,
-61.6,25,26612,,,,,
-62.5,25,26623,,,,,
-59.7,23,26633,,,,,
-51.7,16,26644,,,,,
-56.6,15,26655,,,,,
-57.5,15,26666,,,,,
-57.5,15,26676,,,,,
-53.3,12,26687,,,,,
-61.6,16,26697,,,,,
-67.8,23,26708,,,,,
-64.3,25,26718,,,,,
-63.9,26,26729,,,,,
-63,26,26739,,,,,
-49,16,26750,,,,,
-58,16,26760,,,,,
-58,16,26771,,,,,
-58,16,26782,,,,,
-58,16,26792,,,,,
-69.2,24,26802,,,,,
-50.8,16,26812,,,,,
-60.8,18,26823,,,,,
-59,18,26833,,,,,
-63.2,21,26843,,,,,
-64.7,24,26854,,,,,
-57.8,21,26864,,,,,
-47.9,12,26874,,,,,
-56,12,26885,,,,,
-56,12,26896,,,,,
-56,12,26906,,,,,
-57.4,13,26918,,,,,
-64.9,19,26929,,,,,
-67.9,25,26939,,,,,
-54.1,19,26949,,,,,
-59.5,19,26960,,,,,
-58.1,18,26970,,,,,
-59,18,26981,,,,,
-53.4,14,26991,,,,,
-58.4,15,27002,,,,,
-61.7,18,27012,,,,,
-60.4,19,27022,,,,,
-58.1,18,27033,,,,,
-60.4,19,27043,,,,,
-63.7,22,27054,,,,,
-62.4,23,27064,,,,,
-64.3,25,27074,,,,,
-59.7,23,27085,,,,,
-61.5,23,27095,,,,,
-60.1,22,27105,,,,,
-51.2,15,27116,,,,,
-72.9,26,27126,,,,,
-63,26,27136,,,,,
-53.2,19,27147,,,,,
-59.5,19,27157,,,,,
-58.1,18,27168,,,,,
-67.4,24,27178,,,,,
-63.4,25,27189,,,,,
-61.1,24,27200,,,,,
-63.4,25,27210,,,,,
-63.9,26,27220,,,,,
-64.4,27,27230,,,,,
-63.5,27,27241,,,,,
-62.1,26,27251,,,,,
-50.4,17,27261,,,,,
-58.5,17,27272,,,,,
-58.5,17,27282,,,,,
-64.1,21,27292,,,,,
-53.5,16,27303,,,,,
-58,16,27313,,,,,
-58,16,27324,,,,,
-58,16,27334,,,,,
-73.4,27,27345,,,,,
-63.5,27,27355,,,,,
-48.1,16,27366,,,,,
-58,16,27377,,,,,
-58,16,27387,,,,,
-58,16,27398,,,,,
-58,16,27409,,,,,
-58,16,27419,,,,,
-58,16,27430,,,,,
-58,16,27440,,,,,
-58,16,27451,,,,,
-58,16,27462,,,,,
-58,16,27472,,,,,
-58,16,27483,,,,,
-58,16,27494,,,,,
-58,16,27504,,,,,
-58,16,27515,,,,,
-58,16,27525,,,,,
-58,16,27536,,,,,
-56.6,15,27547,,,,,
-68.7,23,27557,,,,,
-55.9,19,27567,,,,,
-58.1,18,27577,,,,,
-59,18,27588,,,,,
-59,18,27598,,,,,
-57.6,17,27609,,,,,
-50.1,11,27619,,,,,
-65.3,18,27630,,,,,
-63.2,21,27640,,,,,
-61.9,22,27650,,,,,
-55.4,18,27660,,,,,
-59,18,27670,,,,,
-59,18,27681,,,,,
-59,18,27692,,,,,
-59,18,27702,,,,,
-63.2,21,27713,,,,,
-60.5,21,27723,,,,,
-56.3,18,27733,,,,,
-59,18,27744,,,,,
-59,18,27754,,,,,
-59,18,27764,,,,,
-59,18,27775,,,,,
-60.4,19,27786,,,,,
-72.1,28,27796,,,,,
-52.8,20,27807,,,,,
-58.6,19,27817,,,,,
-58.1,18,27827,,,,,
-59,18,27838,,,,,
-54.8,15,27848,,,,,
-57.5,15,27859,,,,,
-57.5,15,27870,,,,,
-57.5,15,27880,,,,,
-53.3,12,27891,,,,,
-56,12,27901,,,,,
-56,12,27912,,,,,
-56,12,27923,,,,,
-56,12,27933,,,,,
-61.6,16,27944,,,,,
-58,16,27954,,,,,
-58,16,27965,,,,,
-58,16,27975,,,,,
-58,16,27986,,,,,
-58,16,27997,,,,,
-52.4,12,28007,,,,,
-56,12,28018,,,,,
-56,12,28028,,,,,
-56,12,28039,,,,,
-56,12,28050,,,,,
-56,12,28060,,,,,
-61.6,16,28071,,,,,
-58,16,28081,,,,,
-58,16,28092,,,,,
-58,16,28103,,,,,
-58,16,28113,,,,,
-72,26,28123,,,,,
-63,26,28133,,,,,
-61.6,25,28144,,,,,
-62.5,25,28154,,,,,
-49.9,16,28165,,,,,
-58,16,28176,,,,,
-58,16,28187,,,,,
-58,16,28197,,,,,
-56.6,15,28208,,,,,
-71.5,25,28218,,,,,
-49.9,16,28228,,,,,
-72,26,28238,,,,,
-63,26,28249,,,,,
-61.6,25,28259,,,,,
-48.5,15,28270,,,,,
-71.5,25,28280,,,,,
-62.5,25,28291,,,,,
-52.7,18,28301,,,,,
-59,18,28312,,,,,
-59,18,28322,,,,,
-59,18,28332,,,,,
-59,18,28343,,,,,
-70.2,26,28353,,,,,
-64.4,27,28363,,,,,
-63.5,27,28374,,,,,
-63.5,27,28384,,,,,
-60.7,25,28394,,,,,
-47.1,14,28405,,,,,
-57,14,28415,,,,,
-57,14,28426,,,,,
-57,14,28436,,,,,
-59.8,16,28447,,,,,
-58,16,28457,,,,,
-55.2,14,28468,,,,,
-57,14,28478,,,,,
-57,14,28489,,,,,
-58.4,15,28500,,,,,
-57.5,15,28510,,,,,
-58.9,16,28521,,,,,
-69.2,24,28531,,,,,
-50.8,16,28542,,,,,
-58,16,28552,,,,,
-58,16,28563,,,,,
-58,16,28574,,,,,
-73.4,27,28585,,,,,
-48.1,16,28595,,,,,
-69.2,24,28606,,,,,
-50.8,16,28617,,,,,
-58,16,28627,,,,,
-52.4,12,28638,,,,,
-57.4,13,28648,,,,,
-60.7,16,28658,,,,,
-58,16,28686,,,,,
-62.2,19,28696,,,,,
-55.3,16,28707,,,,,
-58,16,28717,,,,,
-56.6,15,28728,,,,,
-58.9,16,28739,,,,,
-58,16,28749,,,,,
-56.6,15,28760,,,,,
-57.5,15,28770,,,,,
-57.5,15,28781,,,,,
-68.7,23,28791,,,,,
-61.5,23,28802,,,,,
-51.7,16,28812,,,,,
-69.2,24,28824,,,,,
-66.2,27,28835,,,,,
-63.5,27,28845,,,,,
195.9,14,28866,,,,,
-57,14,28877,,,,,
-62.6,18,28888,,,,,
-59,18,28898,,,,,
-59,18,28909,,,,,
-59,18,28920,,,,,
-59,18,28930,,,,,
-57.6,17,28941,,,,,
-55.7,15,28951,,,,,
-68.7,23,28962,,,,,
-60.1,22,28972,,,,,
-61,22,28982,,,,,
-61,22,28993,,,,,
-59.6,21,29004,,,,,
-56.3,18,29014,,,,,
-59,18,29025,,,,,
-59,18,29035,,,,,
-59,18,29046,,,,,
-59,18,29056,,,,,
-59,18,29067,,,,,
-59,18,29077,,,,,
-61.8,20,29088,,,,,
-67,25,29098,,,,,
-48.5,15,29108,,,,,
-56.1,14,29118,,,,,
-52.8,11,29129,,,,,
-55.5,11,29140,,,,,
-55.5,11,29150,,,,,
-61.1,15,29161,,,,,
-60.3,17,29171,,,,,
-55.7,15,29182,,,,,
-57.5,15,29192,,,,,
-57.5,15,29203,,,,,
-57.5,15,29213,,,,,
-53.3,12,29224,,,,,
-56,12,29234,,,,,
-56,12,29245,,,,,
-56,12,29256,,,,,
-56,12,29266,,,,,
-56,12,29277,,,,,
-56,12,29287,,,,,
-56,12,29298,,,,,
-60.2,15,29309,,,,,
-57.5,15,29319,,,,,
-58.9,16,29330,,,,,
-58,16,29340,,,,,
-56.6,15,29351,,,,,
-57.5,15,29362,,,,,
-53.3,12,29372,,,,,
-56,12,29383,,,,,
-56,12,29393,,,,,
-57.4,13,29404,,,,,
-70.5,23,29414,,,,,
-61.5,23,29424,,,,,
-62.9,24,29435,,,,,
-63.4,25,29445,,,,,
-51.3,17,29456,,,,,
-58.5,17,29467,,,,,
-57.1,16,29477,,,,,
-58,16,29488,,,,,
-58,16,29499,,,,,
-58,16,29509,,,,,
-58,16,29520,,,,,
-58,16,29530,,,,,
-73.4,27,29540,,,,,
-48.1,16,29551,,,,,
-70.6,25,29561,,,,,
-49.9,16,29572,,,,,
-58,16,29582,,,,,
-58,16,29593,,,,,
-72,26,29603,,,,,
-49,16,29613,,,,,
-58,16,29624,,,,,
-52.4,12,29634,,,,,
-56,12,29645,,,,,
-56,12,29656,,,,,
-71.4,23,29668,,,,,
-57.3,20,29679,,,,,
-60,20,29689,,,,,
-60,20,29700,,,,,
-58.6,19,29710,,,,,
-55.3,16,29720,,,,,
-58,16,29731,,,,,
-72,26,29742,,,,,
-64.4,27,29752,,,,,
-66.3,29,29762,,,,,
-61.7,27,29772,,,,,
-53.7,20,29783,,,,,
-68.4,26,29793,,,,,
-64.4,27,29803,,,,,
-63.5,27,29814,,,,,
-63.5,27,29824,,,,,
-48.1,16,29834,,,,,
-53.8,13,29845,,,,,
-63.5,18,29856,,,,,
-57.6,17,29866,,,,,
-58.5,17,29877,,,,,
-58.5,17,29888,,,,,
-58.5,17,29898,,,,,
-57.1,16,29909,,,,,
-53.8,13,29919,,,,,
-56.5,13,29930,,,,,
-56.5,13,29941,,,,,
-55.1,12,29951,,,,,
-56,12,29962,,,,,
-56,12,29973,,,,,
-56,12,29983,,,,,
-56,12,29994,,,,,
-56,12,30005,,,,,
-56,12,30015,,,,,
-56,12,30026,,,,,
-57.4,13,30036,,,,,
-71.9,24,30047,,,,,
-50.8,16,30057,,,,,
-58,16,30068,,,,,
-58,16,30078,,,,,
-58,16,30089,,,,,
-58,16,30100,,,,,
-60.8,18,30110,,,,,
-60.4,19,30121,,,,,
-58.1,18,30131,,,,,
-59,18,30142,,,,,
-54.8,15,30152,,,,,
-56.1,14,30163,,,,,
-62.6,18,30173,,,,,
-59,18,30184,,,,,
-59,18,30194,,,,,
-59,18,30204,,,,,
-57.6,17,30215,,,,,
-58.5,17,30225,,,,,
-55.7,15,30236,,,,,
-57.5,15,30246,,,,,
-57.5,15,30256,,,,,
-56.1,14,30267,,,,,
-57,14,30277,,,,,
-62.6,18,30288,,,,,
-59,18,30298,,,,,
-60.4,19,30309,,,,,
-73.5,29,30319,,,,,
-58.9,25,30329,,,,,
-49.9,16,30340,,,,,
-55.2,14,30350,,,,,
-57,14,30360,,,,,
-61.2,17,30371,,,,,
-59.9,18,30381,,,,,
-61.8,20,30392,,,,,
-60,20,30402,,,,,
-58.6,19,30413,,,,,
-58.1,18,30423,,,,,
-54.8,15,30433,,,,,
-57.5,15,30444,,,,,
-54.7,13,30454,,,,,
-55.1,12,30465,,,,,
-56,12,30476,,,,,
-56,12,30487,,,,,
-56,12,30498,,,,,
-56,12,30508,,,,,
-56,12,30519,,,,,
-56,12,30529,,,,,
-56,12,30540,,,,,
-70,22,30550,,,,,
-62.4,23,30560,,,,,
-61.5,23,30571,,,,,
-46.1,12,30581,,,,,
-56,12,30592,,,,,
-61.6,16,30603,,,,,
198.5,16,30624,,,,,
-56.6,15,30635,,,,,
-57.5,15,30645,,,,,
-53.3,12,30656,,,,,
-56,12,30667,,,,,
-57.4,13,30678,,,,,
-59.3,15,30689,,,,,
-58.9,16,30700,,,,,
-58,16,30710,,,,,
-56.6,15,30721,,,,,
-58.9,16,30732,,,,,
-58,16,30743,,,,,
-58,16,30753,,,,,
-58,16,30763,,,,,
-59.4,17,30774,,,,,
-57.1,16,30784,,,,,
-58,16,30795,,,,,
-56.6,15,30805,,,,,
-57.5,15,30815,,,,,
-60.3,17,30826,,,,,
-59.9,18,30836,,,,,
-59,18,30846,,,,,
-60.4,19,30857,,,,,
-59.5,19,30867,,,,,
-58.1,18,30877,,,,,
-71.6,27,30888,,,,,
-64.9,28,30898,,,,,
-62.6,27,30908,,,,,
-63.5,27,30918,,,,,
-63.5,27,30929,,,,,
-63.5,27,30939,,,,,
-62.1,26,30949,,,,,
-64.4,27,30960,,,,,
-62.1,26,30970,,,,,
-63,26,30980,,,,,
-63,26,30990,,,,,
-61.6,25,31000,,,,,
-54.1,19,31011,,,,,
-65.1,23,31021,,,,,
-55.9,19,31031,,,,,
-58.1,18,31042,,,,,
-54.8,15,31052,,,,,
-56.1,14,31063,,,,,
-58.4,15,31073,,,,,
-56.1,14,31084,,,,,
-57,14,31094,,,,,
-69.6,23,31104,,,,,
-61.5,23,31115,,,,,
-47.5,13,31125,,,,,
-55.1,12,31136,,,,,
-56,12,31146,,,,,
-56,12,31157,,,,,
-56,12,31169,,,,,
-61.6,16,31180,,,,,
-58,16,31191,,,,,
-58,16,31202,,,,,
-58,16,31213,,,,,
-58,16,31223,,,,,
-56.6,15,31234,,,,,
-53.3,12,31245,,,,,
-56,12,31255,,,,,
-57.4,13,31266,,,,,
-56.5,13,31276,,,,,
-70.5,23,31287,,,,,
-51.7,16,31297,,,,,
-58,16,31308,,,,,
-58,16,31318,,,,,
-58,16,31329,,,,,
-58,16,31340,,,,,
-58,16,31350,,,,,
-58,16,31361,,,,,
-56.6,15,31371,,,,,
-57.5,15,31381,,,,,
-57.5,15,31392,,,,,
-56.1,14,31402,,,,,
-57,14,31412,,,,,
-57,14,31422,,,,,
-57,14,31433,,,,,
-57,14,31444,,,,,
-57,14,31454,,,,,
-58.4,15,31464,,,,,
-57.5,15,31475,,,,,
-57.5,15,31485,,,,,
-57.5,15,31495,,,,,
-57.5,15,31506,,,,,
-70.1,24,31516,,,,,
-50.8,16,31527,,,,,
-58,16,31537,,,,,
-56.6,15,31547,,,,,
-57.5,15,31558,,,,,
-61.7,18,31568,,,,,
-70.2,26,31579,,,,,
-68.6,30,31589,,,,,
-66.4,31,31599,,,,,
-65.5,31,31610,,,,,
-65.5,31,31620,,,,,
-65.5,31,31630,,,,,
-65.5,31,31640,,,,,
-66.9,32,31651,,,,,
-64.6,31,31661,,,,,
-62.7,29,31671,,,,,
-64.5,29,31681,,,,,
-64.5,29,31691,,,,,
-51.9,20,31702,,,,,
-57.2,18,31712,,,,,
-57.6,17,31723,,,,,
-57.1,16,31734,,,,,
-53.8,13,31744,,,,,
-56.5,13,31754,,,,,
-56.5,13,31765,,,,,
-55.1,12,31776,,,,,
-56,12,31786,,,,,
-56,12,31797,,,,,
-56,12,31808,,,,,
-56,12,31818,,,,,
-56,12,31829,,,,,
-56,12,31840,,,,,
-56,12,31850,,,,,
-71.4,23,31861,,,,,
-46.1,12,31871,,,,,
-71.4,23,31882,,,,,
-46.1,12,31893,,,,,
-56,12,31903,,,,,
-71.4,23,31914,,,,,
-47.5,13,31924,,,,,
-55.1,12,31935,,,,,
